-- MySQL dump 10.13  Distrib 9.3.0, for Win64 (x86_64)
--
-- Host: 127.0.0.1    Database: Newspaper
-- ------------------------------------------------------
-- Server version	9.3.0

/*!40101 SET @OLD_CHARACTER_SET_CLIENT=@@CHARACTER_SET_CLIENT */;
/*!40101 SET @OLD_CHARACTER_SET_RESULTS=@@CHARACTER_SET_RESULTS */;
/*!40101 SET @OLD_COLLATION_CONNECTION=@@COLLATION_CONNECTION */;
/*!50503 SET NAMES utf8mb4 */;
/*!40103 SET @OLD_TIME_ZONE=@@TIME_ZONE */;
/*!40103 SET TIME_ZONE='+00:00' */;
/*!40014 SET @OLD_UNIQUE_CHECKS=@@UNIQUE_CHECKS, UNIQUE_CHECKS=0 */;
/*!40014 SET @OLD_FOREIGN_KEY_CHECKS=@@FOREIGN_KEY_CHECKS, FOREIGN_KEY_CHECKS=0 */;
/*!40101 SET @OLD_SQL_MODE=@@SQL_MODE, SQL_MODE='NO_AUTO_VALUE_ON_ZERO' */;
/*!40111 SET @OLD_SQL_NOTES=@@SQL_NOTES, SQL_NOTES=0 */;

--
-- Table structure for table `activity_log`
--

DROP TABLE IF EXISTS `activity_log`;
/*!40101 SET @saved_cs_client     = @@character_set_client */;
/*!50503 SET character_set_client = utf8mb4 */;
CREATE TABLE `activity_log` (
  `id` bigint unsigned NOT NULL AUTO_INCREMENT,
  `log_name` varchar(255) COLLATE utf8mb4_unicode_ci DEFAULT NULL,
  `description` text COLLATE utf8mb4_unicode_ci NOT NULL,
  `subject_type` varchar(255) COLLATE utf8mb4_unicode_ci DEFAULT NULL,
  `event` varchar(255) COLLATE utf8mb4_unicode_ci DEFAULT NULL,
  `subject_id` bigint unsigned DEFAULT NULL,
  `causer_type` varchar(255) COLLATE utf8mb4_unicode_ci DEFAULT NULL,
  `causer_id` bigint unsigned DEFAULT NULL,
  `properties` json DEFAULT NULL,
  `ip` varchar(255) COLLATE utf8mb4_unicode_ci DEFAULT NULL,
  `user_agent` varchar(255) COLLATE utf8mb4_unicode_ci DEFAULT NULL,
  `batch_uuid` char(36) COLLATE utf8mb4_unicode_ci DEFAULT NULL,
  `created_at` timestamp NULL DEFAULT NULL,
  `updated_at` timestamp NULL DEFAULT NULL,
  PRIMARY KEY (`id`),
  KEY `subject` (`subject_type`,`subject_id`),
  KEY `causer` (`causer_type`,`causer_id`),
  KEY `activity_log_log_name_index` (`log_name`)
) ENGINE=InnoDB AUTO_INCREMENT=255 DEFAULT CHARSET=utf8mb4 COLLATE=utf8mb4_unicode_ci;
/*!40101 SET character_set_client = @saved_cs_client */;

--
-- Dumping data for table `activity_log`
--

LOCK TABLES `activity_log` WRITE;
/*!40000 ALTER TABLE `activity_log` DISABLE KEYS */;
INSERT INTO `activity_log` VALUES (1,'visit','Visited article','App\\Models\\ArticleView','created',44,NULL,NULL,'{\"attributes\": {\"user_id\": null, \"article_id\": 6}}','127.0.0.1','Mozilla/5.0 (Windows NT 10.0; Win64; x64) AppleWebKit/537.36 (KHTML, like Gecko) Chrome/148.0.0.0 Safari/537.36 Edg/148.0.0.0',NULL,'2026-05-16 06:56:01','2026-05-16 06:56:01'),(2,'auth','Logged in',NULL,NULL,NULL,'App\\Models\\User',1,'[]','127.0.0.1','Mozilla/5.0 (Windows NT 10.0; Win64; x64) AppleWebKit/537.36 (KHTML, like Gecko) Chrome/148.0.0.0 Safari/537.36 Edg/148.0.0.0',NULL,'2026-05-16 06:56:11','2026-05-16 06:56:11'),(3,'auth','Logged out',NULL,NULL,NULL,'App\\Models\\User',1,'[]','127.0.0.1','Mozilla/5.0 (Windows NT 10.0; Win64; x64) AppleWebKit/537.36 (KHTML, like Gecko) Chrome/148.0.0.0 Safari/537.36 Edg/148.0.0.0',NULL,'2026-05-16 06:56:37','2026-05-16 06:56:37'),(4,'auth','Logged in',NULL,NULL,NULL,'App\\Models\\User',152,'[]','127.0.0.1','Mozilla/5.0 (Windows NT 10.0; Win64; x64) AppleWebKit/537.36 (KHTML, like Gecko) Chrome/148.0.0.0 Safari/537.36 Edg/148.0.0.0',NULL,'2026-05-16 06:56:49','2026-05-16 06:56:49'),(5,'auth','Logged out',NULL,NULL,NULL,'App\\Models\\User',152,'[]','127.0.0.1','Mozilla/5.0 (Windows NT 10.0; Win64; x64) AppleWebKit/537.36 (KHTML, like Gecko) Chrome/148.0.0.0 Safari/537.36 Edg/148.0.0.0',NULL,'2026-05-16 06:57:00','2026-05-16 06:57:00'),(6,'auth','Logged in',NULL,NULL,NULL,'App\\Models\\User',2,'[]','127.0.0.1','Mozilla/5.0 (Windows NT 10.0; Win64; x64) AppleWebKit/537.36 (KHTML, like Gecko) Chrome/148.0.0.0 Safari/537.36 Edg/148.0.0.0',NULL,'2026-05-16 06:57:12','2026-05-16 06:57:12'),(7,'auth','Logged out',NULL,NULL,NULL,'App\\Models\\User',2,'[]','127.0.0.1','Mozilla/5.0 (Windows NT 10.0; Win64; x64) AppleWebKit/537.36 (KHTML, like Gecko) Chrome/148.0.0.0 Safari/537.36 Edg/148.0.0.0',NULL,'2026-05-16 06:57:29','2026-05-16 06:57:29'),(8,'auth','Logged in',NULL,NULL,NULL,'App\\Models\\User',1,'[]','127.0.0.1','Mozilla/5.0 (Windows NT 10.0; Win64; x64) AppleWebKit/537.36 (KHTML, like Gecko) Chrome/148.0.0.0 Safari/537.36 Edg/148.0.0.0',NULL,'2026-05-16 06:57:40','2026-05-16 06:57:40'),(9,'visit','Visited article','App\\Models\\ArticleView','created',45,NULL,NULL,'{\"attributes\": {\"user_id\": null, \"article_id\": 6}}','127.0.0.1','Mozilla/5.0 (Windows NT 10.0; Win64; x64) AppleWebKit/537.36 (KHTML, like Gecko) Chrome/148.0.0.0 Safari/537.36',NULL,'2026-05-16 07:14:56','2026-05-16 07:14:56'),(10,'default','created','App\\Models\\Reaction','created',5,NULL,NULL,'{\"attributes\": {\"type\": \"like\", \"reactable_id\": 6, \"reactable_type\": \"App\\\\Models\\\\Article\"}}','127.0.0.1','Mozilla/5.0 (Windows NT 10.0; Win64; x64) AppleWebKit/537.36 (KHTML, like Gecko) Chrome/148.0.0.0 Safari/537.36',NULL,'2026-05-16 07:15:01','2026-05-16 07:15:01'),(11,'auth','Logged in',NULL,NULL,NULL,'App\\Models\\User',1,'[]','127.0.0.1','Mozilla/5.0 (Windows NT 10.0; Win64; x64) AppleWebKit/537.36 (KHTML, like Gecko) Chrome/148.0.0.0 Safari/537.36',NULL,'2026-05-16 07:15:11','2026-05-16 07:15:11'),(12,'auth','Logged out',NULL,NULL,NULL,'App\\Models\\User',1,'[]','127.0.0.1','Mozilla/5.0 (Windows NT 10.0; Win64; x64) AppleWebKit/537.36 (KHTML, like Gecko) Chrome/148.0.0.0 Safari/537.36',NULL,'2026-05-16 07:15:30','2026-05-16 07:15:30'),(13,'auth','Logged out',NULL,NULL,NULL,'App\\Models\\User',1,'[]','127.0.0.1','Mozilla/5.0 (Windows NT 10.0; Win64; x64) AppleWebKit/537.36 (KHTML, like Gecko) Chrome/148.0.0.0 Safari/537.36 Edg/148.0.0.0',NULL,'2026-05-16 07:15:46','2026-05-16 07:15:46'),(14,'auth','Logged in',NULL,NULL,NULL,'App\\Models\\User',152,'[]','127.0.0.1','Mozilla/5.0 (Windows NT 10.0; Win64; x64) AppleWebKit/537.36 (KHTML, like Gecko) Chrome/148.0.0.0 Safari/537.36 Edg/148.0.0.0',NULL,'2026-05-16 07:16:06','2026-05-16 07:16:06'),(15,'visit','Visited article','App\\Models\\ArticleView','created',46,'App\\Models\\User',152,'{\"attributes\": {\"user_id\": 152, \"article_id\": 6}}','127.0.0.1','Mozilla/5.0 (Windows NT 10.0; Win64; x64) AppleWebKit/537.36 (KHTML, like Gecko) Chrome/148.0.0.0 Safari/537.36 Edg/148.0.0.0',NULL,'2026-05-16 07:16:23','2026-05-16 07:16:23'),(16,'reading','Reading progress updated','App\\Models\\ArticleReadingProgress','updated',1,'App\\Models\\User',152,'{\"old\": {\"scroll_percentage\": 100}, \"attributes\": {\"scroll_percentage\": 10}}','127.0.0.1','Mozilla/5.0 (Windows NT 10.0; Win64; x64) AppleWebKit/537.36 (KHTML, like Gecko) Chrome/148.0.0.0 Safari/537.36 Edg/148.0.0.0',NULL,'2026-05-16 07:16:26','2026-05-16 07:16:26'),(17,'reading','Reading progress updated','App\\Models\\ArticleReadingProgress','updated',1,'App\\Models\\User',152,'{\"old\": {\"scroll_percentage\": 10}, \"attributes\": {\"scroll_percentage\": 40}}','127.0.0.1','Mozilla/5.0 (Windows NT 10.0; Win64; x64) AppleWebKit/537.36 (KHTML, like Gecko) Chrome/148.0.0.0 Safari/537.36 Edg/148.0.0.0',NULL,'2026-05-16 07:16:28','2026-05-16 07:16:28'),(18,'reading','Reading progress updated','App\\Models\\ArticleReadingProgress','updated',1,'App\\Models\\User',152,'{\"old\": {\"scroll_percentage\": 40}, \"attributes\": {\"scroll_percentage\": 50}}','127.0.0.1','Mozilla/5.0 (Windows NT 10.0; Win64; x64) AppleWebKit/537.36 (KHTML, like Gecko) Chrome/148.0.0.0 Safari/537.36 Edg/148.0.0.0',NULL,'2026-05-16 07:16:28','2026-05-16 07:16:28'),(19,'default','updated','App\\Models\\Reaction','updated',4,'App\\Models\\User',152,'{\"old\": {\"type\": \"fire\"}, \"attributes\": {\"type\": \"like\"}}','127.0.0.1','Mozilla/5.0 (Windows NT 10.0; Win64; x64) AppleWebKit/537.36 (KHTML, like Gecko) Chrome/148.0.0.0 Safari/537.36 Edg/148.0.0.0',NULL,'2026-05-16 07:16:28','2026-05-16 07:16:28'),(20,'reading','Reading progress updated','App\\Models\\ArticleReadingProgress','updated',1,'App\\Models\\User',152,'{\"old\": {\"scroll_percentage\": 50}, \"attributes\": {\"scroll_percentage\": 70}}','127.0.0.1','Mozilla/5.0 (Windows NT 10.0; Win64; x64) AppleWebKit/537.36 (KHTML, like Gecko) Chrome/148.0.0.0 Safari/537.36 Edg/148.0.0.0',NULL,'2026-05-16 07:16:32','2026-05-16 07:16:32'),(21,'reading','Reading progress updated','App\\Models\\ArticleReadingProgress','updated',1,'App\\Models\\User',152,'{\"old\": {\"scroll_percentage\": 70}, \"attributes\": {\"scroll_percentage\": 80}}','127.0.0.1','Mozilla/5.0 (Windows NT 10.0; Win64; x64) AppleWebKit/537.36 (KHTML, like Gecko) Chrome/148.0.0.0 Safari/537.36 Edg/148.0.0.0',NULL,'2026-05-16 07:16:33','2026-05-16 07:16:33'),(22,'reading','Reading progress updated','App\\Models\\ArticleReadingProgress','updated',1,'App\\Models\\User',152,'{\"old\": {\"scroll_percentage\": 80}, \"attributes\": {\"scroll_percentage\": 90}}','127.0.0.1','Mozilla/5.0 (Windows NT 10.0; Win64; x64) AppleWebKit/537.36 (KHTML, like Gecko) Chrome/148.0.0.0 Safari/537.36 Edg/148.0.0.0',NULL,'2026-05-16 07:16:34','2026-05-16 07:16:34'),(23,'default','created','App\\Models\\Comment','created',6,'App\\Models\\User',152,'{\"attributes\": {\"body\": \"Keep it respectful. \", \"user_id\": 152, \"article_id\": 6}}','127.0.0.1','Mozilla/5.0 (Windows NT 10.0; Win64; x64) AppleWebKit/537.36 (KHTML, like Gecko) Chrome/148.0.0.0 Safari/537.36 Edg/148.0.0.0',NULL,'2026-05-16 07:17:02','2026-05-16 07:17:02'),(24,'visit','Visited article','App\\Models\\ArticleView','created',47,'App\\Models\\User',152,'{\"attributes\": {\"user_id\": 152, \"article_id\": 6}}','127.0.0.1','Mozilla/5.0 (Windows NT 10.0; Win64; x64) AppleWebKit/537.36 (KHTML, like Gecko) Chrome/148.0.0.0 Safari/537.36 Edg/148.0.0.0',NULL,'2026-05-16 07:18:18','2026-05-16 07:18:18'),(25,'reading','Reading progress updated','App\\Models\\ArticleReadingProgress','updated',1,'App\\Models\\User',152,'{\"old\": {\"scroll_percentage\": 90}, \"attributes\": {\"scroll_percentage\": 0}}','127.0.0.1','Mozilla/5.0 (Windows NT 10.0; Win64; x64) AppleWebKit/537.36 (KHTML, like Gecko) Chrome/148.0.0.0 Safari/537.36 Edg/148.0.0.0',NULL,'2026-05-16 07:18:33','2026-05-16 07:18:33'),(26,'reading','Reading progress updated','App\\Models\\ArticleReadingProgress','updated',1,'App\\Models\\User',152,'{\"old\": {\"scroll_percentage\": 0}, \"attributes\": {\"scroll_percentage\": 20}}','127.0.0.1','Mozilla/5.0 (Windows NT 10.0; Win64; x64) AppleWebKit/537.36 (KHTML, like Gecko) Chrome/148.0.0.0 Safari/537.36 Edg/148.0.0.0',NULL,'2026-05-16 07:18:35','2026-05-16 07:18:35'),(27,'reading','Reading progress updated','App\\Models\\ArticleReadingProgress','updated',1,'App\\Models\\User',152,'{\"old\": {\"scroll_percentage\": 20}, \"attributes\": {\"scroll_percentage\": 30}}','127.0.0.1','Mozilla/5.0 (Windows NT 10.0; Win64; x64) AppleWebKit/537.36 (KHTML, like Gecko) Chrome/148.0.0.0 Safari/537.36 Edg/148.0.0.0',NULL,'2026-05-16 07:18:36','2026-05-16 07:18:36'),(28,'reading','Reading progress updated','App\\Models\\ArticleReadingProgress','updated',1,'App\\Models\\User',152,'{\"old\": {\"scroll_percentage\": 30}, \"attributes\": {\"scroll_percentage\": 40}}','127.0.0.1','Mozilla/5.0 (Windows NT 10.0; Win64; x64) AppleWebKit/537.36 (KHTML, like Gecko) Chrome/148.0.0.0 Safari/537.36 Edg/148.0.0.0',NULL,'2026-05-16 07:18:36','2026-05-16 07:18:36'),(29,'reading','Reading progress updated','App\\Models\\ArticleReadingProgress','updated',1,'App\\Models\\User',152,'{\"old\": {\"scroll_percentage\": 40}, \"attributes\": {\"scroll_percentage\": 50}}','127.0.0.1','Mozilla/5.0 (Windows NT 10.0; Win64; x64) AppleWebKit/537.36 (KHTML, like Gecko) Chrome/148.0.0.0 Safari/537.36 Edg/148.0.0.0',NULL,'2026-05-16 07:18:36','2026-05-16 07:18:36'),(30,'reading','Reading progress updated','App\\Models\\ArticleReadingProgress','updated',1,'App\\Models\\User',152,'{\"old\": {\"scroll_percentage\": 50}, \"attributes\": {\"scroll_percentage\": 60}}','127.0.0.1','Mozilla/5.0 (Windows NT 10.0; Win64; x64) AppleWebKit/537.36 (KHTML, like Gecko) Chrome/148.0.0.0 Safari/537.36 Edg/148.0.0.0',NULL,'2026-05-16 07:18:36','2026-05-16 07:18:36'),(31,'reading','Reading progress updated','App\\Models\\ArticleReadingProgress','updated',1,'App\\Models\\User',152,'{\"old\": {\"scroll_percentage\": 60}, \"attributes\": {\"scroll_percentage\": 90}}','127.0.0.1','Mozilla/5.0 (Windows NT 10.0; Win64; x64) AppleWebKit/537.36 (KHTML, like Gecko) Chrome/148.0.0.0 Safari/537.36 Edg/148.0.0.0',NULL,'2026-05-16 07:18:37','2026-05-16 07:18:37'),(32,'reading','Reading progress updated','App\\Models\\ArticleReadingProgress','updated',1,'App\\Models\\User',152,'{\"old\": {\"scroll_percentage\": 90}, \"attributes\": {\"scroll_percentage\": 100}}','127.0.0.1','Mozilla/5.0 (Windows NT 10.0; Win64; x64) AppleWebKit/537.36 (KHTML, like Gecko) Chrome/148.0.0.0 Safari/537.36 Edg/148.0.0.0',NULL,'2026-05-16 07:18:37','2026-05-16 07:18:37'),(33,'reading','Reading progress updated','App\\Models\\ArticleReadingProgress','updated',1,'App\\Models\\User',152,'{\"old\": {\"scroll_percentage\": 100}, \"attributes\": {\"scroll_percentage\": 70}}','127.0.0.1','Mozilla/5.0 (Windows NT 10.0; Win64; x64) AppleWebKit/537.36 (KHTML, like Gecko) Chrome/148.0.0.0 Safari/537.36 Edg/148.0.0.0',NULL,'2026-05-16 07:18:40','2026-05-16 07:18:40'),(34,'reading','Reading progress updated','App\\Models\\ArticleReadingProgress','updated',1,'App\\Models\\User',152,'{\"old\": {\"scroll_percentage\": 70}, \"attributes\": {\"scroll_percentage\": 60}}','127.0.0.1','Mozilla/5.0 (Windows NT 10.0; Win64; x64) AppleWebKit/537.36 (KHTML, like Gecko) Chrome/148.0.0.0 Safari/537.36 Edg/148.0.0.0',NULL,'2026-05-16 07:18:41','2026-05-16 07:18:41'),(35,'reading','Reading progress updated','App\\Models\\ArticleReadingProgress','updated',1,'App\\Models\\User',152,'{\"old\": {\"scroll_percentage\": 60}, \"attributes\": {\"scroll_percentage\": 30}}','127.0.0.1','Mozilla/5.0 (Windows NT 10.0; Win64; x64) AppleWebKit/537.36 (KHTML, like Gecko) Chrome/148.0.0.0 Safari/537.36 Edg/148.0.0.0',NULL,'2026-05-16 07:18:41','2026-05-16 07:18:41'),(36,'reading','Reading progress updated','App\\Models\\ArticleReadingProgress','updated',1,'App\\Models\\User',152,'{\"old\": {\"scroll_percentage\": 30}, \"attributes\": {\"scroll_percentage\": 10}}','127.0.0.1','Mozilla/5.0 (Windows NT 10.0; Win64; x64) AppleWebKit/537.36 (KHTML, like Gecko) Chrome/148.0.0.0 Safari/537.36 Edg/148.0.0.0',NULL,'2026-05-16 07:18:41','2026-05-16 07:18:41'),(37,'reading','Reading progress updated','App\\Models\\ArticleReadingProgress','updated',1,'App\\Models\\User',152,'{\"old\": {\"scroll_percentage\": 10}, \"attributes\": {\"scroll_percentage\": 0}}','127.0.0.1','Mozilla/5.0 (Windows NT 10.0; Win64; x64) AppleWebKit/537.36 (KHTML, like Gecko) Chrome/148.0.0.0 Safari/537.36 Edg/148.0.0.0',NULL,'2026-05-16 07:18:41','2026-05-16 07:18:41'),(38,'auth','Logged out',NULL,NULL,NULL,'App\\Models\\User',152,'[]','127.0.0.1','Mozilla/5.0 (Windows NT 10.0; Win64; x64) AppleWebKit/537.36 (KHTML, like Gecko) Chrome/148.0.0.0 Safari/537.36 Edg/148.0.0.0',NULL,'2026-05-16 07:18:48','2026-05-16 07:18:48'),(39,'auth','Logged in',NULL,NULL,NULL,'App\\Models\\User',152,'[]','127.0.0.1','Mozilla/5.0 (Windows NT 10.0; Win64; x64) AppleWebKit/537.36 (KHTML, like Gecko) Chrome/148.0.0.0 Safari/537.36 Edg/148.0.0.0',NULL,'2026-05-16 07:19:21','2026-05-16 07:19:21'),(40,'auth','Logged out',NULL,NULL,NULL,'App\\Models\\User',152,'[]','127.0.0.1','Mozilla/5.0 (Windows NT 10.0; Win64; x64) AppleWebKit/537.36 (KHTML, like Gecko) Chrome/148.0.0.0 Safari/537.36 Edg/148.0.0.0',NULL,'2026-05-16 07:19:27','2026-05-16 07:19:27'),(41,'auth','Logged in',NULL,NULL,NULL,'App\\Models\\User',152,'[]','127.0.0.1','Mozilla/5.0 (Windows NT 10.0; Win64; x64) AppleWebKit/537.36 (KHTML, like Gecko) Chrome/148.0.0.0 Safari/537.36 Edg/148.0.0.0',NULL,'2026-05-16 07:20:33','2026-05-16 07:20:33'),(42,'auth','Logged out',NULL,NULL,NULL,'App\\Models\\User',152,'[]','127.0.0.1','Mozilla/5.0 (Windows NT 10.0; Win64; x64) AppleWebKit/537.36 (KHTML, like Gecko) Chrome/148.0.0.0 Safari/537.36 Edg/148.0.0.0',NULL,'2026-05-16 07:20:42','2026-05-16 07:20:42'),(43,'auth','Logged in',NULL,NULL,NULL,'App\\Models\\User',1,'[]','127.0.0.1','Mozilla/5.0 (Windows NT 10.0; Win64; x64) AppleWebKit/537.36 (KHTML, like Gecko) Chrome/148.0.0.0 Safari/537.36 Edg/148.0.0.0',NULL,'2026-05-16 07:20:55','2026-05-16 07:20:55'),(44,'auth','Logged in',NULL,NULL,NULL,'App\\Models\\User',152,'[]','127.0.0.1','Mozilla/5.0 (Windows NT 10.0; Win64; x64) AppleWebKit/537.36 (KHTML, like Gecko) Chrome/148.0.0.0 Safari/537.36',NULL,'2026-05-16 07:24:50','2026-05-16 07:24:50'),(45,'visit','Visited article','App\\Models\\ArticleView','created',48,'App\\Models\\User',152,'{\"attributes\": {\"user_id\": 152, \"article_id\": 6}}','127.0.0.1','Mozilla/5.0 (Windows NT 10.0; Win64; x64) AppleWebKit/537.36 (KHTML, like Gecko) Chrome/148.0.0.0 Safari/537.36',NULL,'2026-05-16 07:25:00','2026-05-16 07:25:00'),(46,'reading','Reading progress updated','App\\Models\\ArticleReadingProgress','updated',1,'App\\Models\\User',152,'{\"old\": {\"scroll_percentage\": 0}, \"attributes\": {\"scroll_percentage\": 20}}','127.0.0.1','Mozilla/5.0 (Windows NT 10.0; Win64; x64) AppleWebKit/537.36 (KHTML, like Gecko) Chrome/148.0.0.0 Safari/537.36',NULL,'2026-05-16 07:25:02','2026-05-16 07:25:02'),(47,'reading','Reading progress updated','App\\Models\\ArticleReadingProgress','updated',1,'App\\Models\\User',152,'{\"old\": {\"scroll_percentage\": 20}, \"attributes\": {\"scroll_percentage\": 40}}','127.0.0.1','Mozilla/5.0 (Windows NT 10.0; Win64; x64) AppleWebKit/537.36 (KHTML, like Gecko) Chrome/148.0.0.0 Safari/537.36',NULL,'2026-05-16 07:25:03','2026-05-16 07:25:03'),(48,'reading','Reading progress updated','App\\Models\\ArticleReadingProgress','updated',1,'App\\Models\\User',152,'{\"old\": {\"scroll_percentage\": 40}, \"attributes\": {\"scroll_percentage\": 50}}','127.0.0.1','Mozilla/5.0 (Windows NT 10.0; Win64; x64) AppleWebKit/537.36 (KHTML, like Gecko) Chrome/148.0.0.0 Safari/537.36',NULL,'2026-05-16 07:25:03','2026-05-16 07:25:03'),(49,'reading','Reading progress updated','App\\Models\\ArticleReadingProgress','updated',1,'App\\Models\\User',152,'{\"old\": {\"scroll_percentage\": 50}, \"attributes\": {\"scroll_percentage\": 80}}','127.0.0.1','Mozilla/5.0 (Windows NT 10.0; Win64; x64) AppleWebKit/537.36 (KHTML, like Gecko) Chrome/148.0.0.0 Safari/537.36',NULL,'2026-05-16 07:25:03','2026-05-16 07:25:03'),(50,'reading','Reading progress updated','App\\Models\\ArticleReadingProgress','updated',1,'App\\Models\\User',152,'{\"old\": {\"scroll_percentage\": 80}, \"attributes\": {\"scroll_percentage\": 90}}','127.0.0.1','Mozilla/5.0 (Windows NT 10.0; Win64; x64) AppleWebKit/537.36 (KHTML, like Gecko) Chrome/148.0.0.0 Safari/537.36',NULL,'2026-05-16 07:25:03','2026-05-16 07:25:03'),(51,'reading','Reading progress updated','App\\Models\\ArticleReadingProgress','updated',1,'App\\Models\\User',152,'{\"old\": {\"scroll_percentage\": 90}, \"attributes\": {\"scroll_percentage\": 70}}','127.0.0.1','Mozilla/5.0 (Windows NT 10.0; Win64; x64) AppleWebKit/537.36 (KHTML, like Gecko) Chrome/148.0.0.0 Safari/537.36',NULL,'2026-05-16 07:25:05','2026-05-16 07:25:05'),(52,'reading','Reading progress updated','App\\Models\\ArticleReadingProgress','updated',1,'App\\Models\\User',152,'{\"old\": {\"scroll_percentage\": 70}, \"attributes\": {\"scroll_percentage\": 60}}','127.0.0.1','Mozilla/5.0 (Windows NT 10.0; Win64; x64) AppleWebKit/537.36 (KHTML, like Gecko) Chrome/148.0.0.0 Safari/537.36',NULL,'2026-05-16 07:25:06','2026-05-16 07:25:06'),(53,'reading','Reading progress updated','App\\Models\\ArticleReadingProgress','updated',1,'App\\Models\\User',152,'{\"old\": {\"scroll_percentage\": 60}, \"attributes\": {\"scroll_percentage\": 50}}','127.0.0.1','Mozilla/5.0 (Windows NT 10.0; Win64; x64) AppleWebKit/537.36 (KHTML, like Gecko) Chrome/148.0.0.0 Safari/537.36',NULL,'2026-05-16 07:25:06','2026-05-16 07:25:06'),(54,'reading','Reading progress updated','App\\Models\\ArticleReadingProgress','updated',1,'App\\Models\\User',152,'{\"old\": {\"scroll_percentage\": 50}, \"attributes\": {\"scroll_percentage\": 40}}','127.0.0.1','Mozilla/5.0 (Windows NT 10.0; Win64; x64) AppleWebKit/537.36 (KHTML, like Gecko) Chrome/148.0.0.0 Safari/537.36',NULL,'2026-05-16 07:25:06','2026-05-16 07:25:06'),(55,'default','created','App\\Models\\Reaction','created',6,'App\\Models\\User',152,'{\"attributes\": {\"type\": \"love\", \"reactable_id\": 6, \"reactable_type\": \"App\\\\Models\\\\Article\"}}','127.0.0.1','Mozilla/5.0 (Windows NT 10.0; Win64; x64) AppleWebKit/537.36 (KHTML, like Gecko) Chrome/148.0.0.0 Safari/537.36',NULL,'2026-05-16 07:25:09','2026-05-16 07:25:09'),(56,'reading','Reading progress updated','App\\Models\\ArticleReadingProgress','updated',1,'App\\Models\\User',152,'{\"old\": {\"scroll_percentage\": 40}, \"attributes\": {\"scroll_percentage\": 80}}','127.0.0.1','Mozilla/5.0 (Windows NT 10.0; Win64; x64) AppleWebKit/537.36 (KHTML, like Gecko) Chrome/148.0.0.0 Safari/537.36',NULL,'2026-05-16 07:25:11','2026-05-16 07:25:11'),(57,'reading','Reading progress updated','App\\Models\\ArticleReadingProgress','updated',1,'App\\Models\\User',152,'{\"old\": {\"scroll_percentage\": 80}, \"attributes\": {\"scroll_percentage\": 90}}','127.0.0.1','Mozilla/5.0 (Windows NT 10.0; Win64; x64) AppleWebKit/537.36 (KHTML, like Gecko) Chrome/148.0.0.0 Safari/537.36',NULL,'2026-05-16 07:25:11','2026-05-16 07:25:11'),(58,'default','created','App\\Models\\Comment','created',7,'App\\Models\\User',152,'{\"attributes\": {\"body\": \"Please register to reply.\", \"user_id\": 152, \"article_id\": 6}}','127.0.0.1','Mozilla/5.0 (Windows NT 10.0; Win64; x64) AppleWebKit/537.36 (KHTML, like Gecko) Chrome/148.0.0.0 Safari/537.36',NULL,'2026-05-16 07:25:20','2026-05-16 07:25:20'),(59,'reading','Reading progress updated','App\\Models\\ArticleReadingProgress','updated',1,'App\\Models\\User',152,'{\"old\": {\"scroll_percentage\": 90}, \"attributes\": {\"scroll_percentage\": 80}}','127.0.0.1','Mozilla/5.0 (Windows NT 10.0; Win64; x64) AppleWebKit/537.36 (KHTML, like Gecko) Chrome/148.0.0.0 Safari/537.36',NULL,'2026-05-16 07:25:29','2026-05-16 07:25:29'),(60,'reading','Reading progress updated','App\\Models\\ArticleReadingProgress','updated',1,'App\\Models\\User',152,'{\"old\": {\"scroll_percentage\": 80}, \"attributes\": {\"scroll_percentage\": 70}}','127.0.0.1','Mozilla/5.0 (Windows NT 10.0; Win64; x64) AppleWebKit/537.36 (KHTML, like Gecko) Chrome/148.0.0.0 Safari/537.36',NULL,'2026-05-16 07:25:30','2026-05-16 07:25:30'),(61,'reading','Started reading article','App\\Models\\ArticleReadingProgress','created',3,'App\\Models\\User',1,'{\"attributes\": {\"article_id\": 6, \"scroll_percentage\": 0}}','127.0.0.1','Mozilla/5.0 (Windows NT 10.0; Win64; x64) AppleWebKit/537.36 (KHTML, like Gecko) Chrome/148.0.0.0 Safari/537.36 Edg/148.0.0.0',NULL,'2026-05-16 07:25:48','2026-05-16 07:25:48'),(62,'reading','Reading progress updated','App\\Models\\ArticleReadingProgress','updated',3,'App\\Models\\User',1,'{\"old\": {\"scroll_percentage\": 0}, \"attributes\": {\"scroll_percentage\": 20}}','127.0.0.1','Mozilla/5.0 (Windows NT 10.0; Win64; x64) AppleWebKit/537.36 (KHTML, like Gecko) Chrome/148.0.0.0 Safari/537.36 Edg/148.0.0.0',NULL,'2026-05-16 07:25:49','2026-05-16 07:25:49'),(63,'reading','Reading progress updated','App\\Models\\ArticleReadingProgress','updated',3,'App\\Models\\User',1,'{\"old\": {\"scroll_percentage\": 20}, \"attributes\": {\"scroll_percentage\": 40}}','127.0.0.1','Mozilla/5.0 (Windows NT 10.0; Win64; x64) AppleWebKit/537.36 (KHTML, like Gecko) Chrome/148.0.0.0 Safari/537.36 Edg/148.0.0.0',NULL,'2026-05-16 07:25:49','2026-05-16 07:25:49'),(64,'reading','Reading progress updated','App\\Models\\ArticleReadingProgress','updated',3,'App\\Models\\User',1,'{\"old\": {\"scroll_percentage\": 40}, \"attributes\": {\"scroll_percentage\": 50}}','127.0.0.1','Mozilla/5.0 (Windows NT 10.0; Win64; x64) AppleWebKit/537.36 (KHTML, like Gecko) Chrome/148.0.0.0 Safari/537.36 Edg/148.0.0.0',NULL,'2026-05-16 07:25:49','2026-05-16 07:25:49'),(65,'reading','Reading progress updated','App\\Models\\ArticleReadingProgress','updated',3,'App\\Models\\User',1,'{\"old\": {\"scroll_percentage\": 50}, \"attributes\": {\"scroll_percentage\": 40}}','127.0.0.1','Mozilla/5.0 (Windows NT 10.0; Win64; x64) AppleWebKit/537.36 (KHTML, like Gecko) Chrome/148.0.0.0 Safari/537.36 Edg/148.0.0.0',NULL,'2026-05-16 07:26:00','2026-05-16 07:26:00'),(66,'reading','Reading progress updated','App\\Models\\ArticleReadingProgress','updated',3,'App\\Models\\User',1,'{\"old\": {\"scroll_percentage\": 40}, \"attributes\": {\"scroll_percentage\": 50}}','127.0.0.1','Mozilla/5.0 (Windows NT 10.0; Win64; x64) AppleWebKit/537.36 (KHTML, like Gecko) Chrome/148.0.0.0 Safari/537.36 Edg/148.0.0.0',NULL,'2026-05-16 07:26:01','2026-05-16 07:26:01'),(67,'reading','Reading progress updated','App\\Models\\ArticleReadingProgress','updated',3,'App\\Models\\User',1,'{\"old\": {\"scroll_percentage\": 50}, \"attributes\": {\"scroll_percentage\": 60}}','127.0.0.1','Mozilla/5.0 (Windows NT 10.0; Win64; x64) AppleWebKit/537.36 (KHTML, like Gecko) Chrome/148.0.0.0 Safari/537.36 Edg/148.0.0.0',NULL,'2026-05-16 07:26:01','2026-05-16 07:26:01'),(68,'reading','Reading progress updated','App\\Models\\ArticleReadingProgress','updated',3,'App\\Models\\User',1,'{\"old\": {\"scroll_percentage\": 60}, \"attributes\": {\"scroll_percentage\": 70}}','127.0.0.1','Mozilla/5.0 (Windows NT 10.0; Win64; x64) AppleWebKit/537.36 (KHTML, like Gecko) Chrome/148.0.0.0 Safari/537.36 Edg/148.0.0.0',NULL,'2026-05-16 07:26:01','2026-05-16 07:26:01'),(69,'reading','Reading progress updated','App\\Models\\ArticleReadingProgress','updated',3,'App\\Models\\User',1,'{\"old\": {\"scroll_percentage\": 70}, \"attributes\": {\"scroll_percentage\": 80}}','127.0.0.1','Mozilla/5.0 (Windows NT 10.0; Win64; x64) AppleWebKit/537.36 (KHTML, like Gecko) Chrome/148.0.0.0 Safari/537.36 Edg/148.0.0.0',NULL,'2026-05-16 07:26:01','2026-05-16 07:26:01'),(70,'reading','Reading progress updated','App\\Models\\ArticleReadingProgress','updated',3,'App\\Models\\User',1,'{\"old\": {\"scroll_percentage\": 80}, \"attributes\": {\"scroll_percentage\": 90}}','127.0.0.1','Mozilla/5.0 (Windows NT 10.0; Win64; x64) AppleWebKit/537.36 (KHTML, like Gecko) Chrome/148.0.0.0 Safari/537.36 Edg/148.0.0.0',NULL,'2026-05-16 07:26:01','2026-05-16 07:26:01'),(71,'reading','Reading progress updated','App\\Models\\ArticleReadingProgress','updated',3,'App\\Models\\User',1,'{\"old\": {\"scroll_percentage\": 90}, \"attributes\": {\"scroll_percentage\": 100}}','127.0.0.1','Mozilla/5.0 (Windows NT 10.0; Win64; x64) AppleWebKit/537.36 (KHTML, like Gecko) Chrome/148.0.0.0 Safari/537.36 Edg/148.0.0.0',NULL,'2026-05-16 07:26:02','2026-05-16 07:26:02'),(72,'reading','Reading progress updated','App\\Models\\ArticleReadingProgress','updated',3,'App\\Models\\User',1,'{\"old\": {\"scroll_percentage\": 100}, \"attributes\": {\"scroll_percentage\": 10}}','127.0.0.1','Mozilla/5.0 (Windows NT 10.0; Win64; x64) AppleWebKit/537.36 (KHTML, like Gecko) Chrome/148.0.0.0 Safari/537.36 Edg/148.0.0.0',NULL,'2026-05-16 07:26:02','2026-05-16 07:26:02'),(73,'reading','Reading progress updated','App\\Models\\ArticleReadingProgress','updated',3,'App\\Models\\User',1,'{\"old\": {\"scroll_percentage\": 10}, \"attributes\": {\"scroll_percentage\": 0}}','127.0.0.1','Mozilla/5.0 (Windows NT 10.0; Win64; x64) AppleWebKit/537.36 (KHTML, like Gecko) Chrome/148.0.0.0 Safari/537.36 Edg/148.0.0.0',NULL,'2026-05-16 07:26:02','2026-05-16 07:26:02'),(74,'visit','Visited article','App\\Models\\ArticleView','created',49,'App\\Models\\User',152,'{\"attributes\": {\"user_id\": 152, \"article_id\": 6}}','127.0.0.1','Mozilla/5.0 (Windows NT 10.0; Win64; x64) AppleWebKit/537.36 (KHTML, like Gecko) Chrome/148.0.0.0 Safari/537.36',NULL,'2026-05-16 07:27:22','2026-05-16 07:27:22'),(75,'reading','Reading progress updated','App\\Models\\ArticleReadingProgress','updated',3,'App\\Models\\User',1,'{\"old\": {\"scroll_percentage\": 0}, \"attributes\": {\"scroll_percentage\": 20}}','127.0.0.1','Mozilla/5.0 (Windows NT 10.0; Win64; x64) AppleWebKit/537.36 (KHTML, like Gecko) Chrome/148.0.0.0 Safari/537.36 Edg/148.0.0.0',NULL,'2026-05-16 07:28:21','2026-05-16 07:28:21'),(76,'reading','Reading progress updated','App\\Models\\ArticleReadingProgress','updated',3,'App\\Models\\User',1,'{\"old\": {\"scroll_percentage\": 20}, \"attributes\": {\"scroll_percentage\": 30}}','127.0.0.1','Mozilla/5.0 (Windows NT 10.0; Win64; x64) AppleWebKit/537.36 (KHTML, like Gecko) Chrome/148.0.0.0 Safari/537.36 Edg/148.0.0.0',NULL,'2026-05-16 07:28:22','2026-05-16 07:28:22'),(77,'reading','Reading progress updated','App\\Models\\ArticleReadingProgress','updated',3,'App\\Models\\User',1,'{\"old\": {\"scroll_percentage\": 30}, \"attributes\": {\"scroll_percentage\": 40}}','127.0.0.1','Mozilla/5.0 (Windows NT 10.0; Win64; x64) AppleWebKit/537.36 (KHTML, like Gecko) Chrome/148.0.0.0 Safari/537.36 Edg/148.0.0.0',NULL,'2026-05-16 07:28:22','2026-05-16 07:28:22'),(78,'reading','Reading progress updated','App\\Models\\ArticleReadingProgress','updated',3,'App\\Models\\User',1,'{\"old\": {\"scroll_percentage\": 40}, \"attributes\": {\"scroll_percentage\": 50}}','127.0.0.1','Mozilla/5.0 (Windows NT 10.0; Win64; x64) AppleWebKit/537.36 (KHTML, like Gecko) Chrome/148.0.0.0 Safari/537.36 Edg/148.0.0.0',NULL,'2026-05-16 07:28:22','2026-05-16 07:28:22'),(79,'reading','Reading progress updated','App\\Models\\ArticleReadingProgress','updated',3,'App\\Models\\User',1,'{\"old\": {\"scroll_percentage\": 50}, \"attributes\": {\"scroll_percentage\": 0}}','127.0.0.1','Mozilla/5.0 (Windows NT 10.0; Win64; x64) AppleWebKit/537.36 (KHTML, like Gecko) Chrome/148.0.0.0 Safari/537.36 Edg/148.0.0.0',NULL,'2026-05-16 07:28:22','2026-05-16 07:28:22'),(80,'visit','Visited article','App\\Models\\ArticleView','created',50,'App\\Models\\User',152,'{\"attributes\": {\"user_id\": 152, \"article_id\": 6}}','127.0.0.1','Mozilla/5.0 (Windows NT 10.0; Win64; x64) AppleWebKit/537.36 (KHTML, like Gecko) Chrome/148.0.0.0 Safari/537.36',NULL,'2026-05-16 07:35:54','2026-05-16 07:35:54'),(81,'visit','Visited article','App\\Models\\ArticleView','created',51,'App\\Models\\User',152,'{\"attributes\": {\"user_id\": 152, \"article_id\": 6}}','127.0.0.1','Mozilla/5.0 (Windows NT 10.0; Win64; x64) AppleWebKit/537.36 (KHTML, like Gecko) Chrome/148.0.0.0 Safari/537.36',NULL,'2026-05-16 07:37:40','2026-05-16 07:37:40'),(82,'visit','Visited article','App\\Models\\ArticleView','created',52,'App\\Models\\User',152,'{\"attributes\": {\"user_id\": 152, \"article_id\": 6}}','127.0.0.1','Mozilla/5.0 (Windows NT 10.0; Win64; x64) AppleWebKit/537.36 (KHTML, like Gecko) Chrome/148.0.0.0 Safari/537.36',NULL,'2026-05-16 07:40:38','2026-05-16 07:40:38'),(83,'visit','Visited article','App\\Models\\ArticleView','created',53,'App\\Models\\User',152,'{\"attributes\": {\"user_id\": 152, \"article_id\": 6}}','127.0.0.1','Mozilla/5.0 (Windows NT 10.0; Win64; x64) AppleWebKit/537.36 (KHTML, like Gecko) Chrome/148.0.0.0 Safari/537.36',NULL,'2026-05-16 07:46:14','2026-05-16 07:46:14'),(84,'visit','Visited article','App\\Models\\ArticleView','created',54,'App\\Models\\User',152,'{\"attributes\": {\"user_id\": 152, \"article_id\": 6}}','127.0.0.1','Mozilla/5.0 (Windows NT 10.0; Win64; x64) AppleWebKit/537.36 (KHTML, like Gecko) Chrome/148.0.0.0 Safari/537.36',NULL,'2026-05-16 07:57:30','2026-05-16 07:57:30'),(85,'visit','Visited article','App\\Models\\ArticleView','created',55,'App\\Models\\User',152,'{\"attributes\": {\"user_id\": 152, \"article_id\": 6}}','127.0.0.1','Mozilla/5.0 (Windows NT 10.0; Win64; x64) AppleWebKit/537.36 (KHTML, like Gecko) Chrome/148.0.0.0 Safari/537.36',NULL,'2026-05-16 08:00:04','2026-05-16 08:00:04'),(86,'visit','Visited article','App\\Models\\ArticleView','created',56,'App\\Models\\User',152,'{\"attributes\": {\"user_id\": 152, \"article_id\": 6}}','127.0.0.1','Mozilla/5.0 (Windows NT 10.0; Win64; x64) AppleWebKit/537.36 (KHTML, like Gecko) Chrome/148.0.0.0 Safari/537.36',NULL,'2026-05-16 08:03:08','2026-05-16 08:03:08'),(87,'visit','Visited article','App\\Models\\ArticleView','created',57,'App\\Models\\User',152,'{\"attributes\": {\"user_id\": 152, \"article_id\": 6}}','127.0.0.1','Mozilla/5.0 (Windows NT 10.0; Win64; x64) AppleWebKit/537.36 (KHTML, like Gecko) Chrome/148.0.0.0 Safari/537.36',NULL,'2026-05-16 08:05:20','2026-05-16 08:05:20'),(88,'visit','Visited article','App\\Models\\ArticleView','created',58,'App\\Models\\User',152,'{\"attributes\": {\"user_id\": 152, \"article_id\": 6}}','127.0.0.1','Mozilla/5.0 (Windows NT 10.0; Win64; x64) AppleWebKit/537.36 (KHTML, like Gecko) Chrome/148.0.0.0 Safari/537.36',NULL,'2026-05-16 08:07:00','2026-05-16 08:07:00'),(89,'visit','Visited article','App\\Models\\ArticleView','created',59,'App\\Models\\User',152,'{\"attributes\": {\"user_id\": 152, \"article_id\": 6}}','127.0.0.1','Mozilla/5.0 (Windows NT 10.0; Win64; x64) AppleWebKit/537.36 (KHTML, like Gecko) Chrome/148.0.0.0 Safari/537.36',NULL,'2026-05-16 08:13:51','2026-05-16 08:13:51'),(90,'auth','Logged in',NULL,NULL,NULL,'App\\Models\\User',1,'[]','127.0.0.1','Mozilla/5.0 (Windows NT 10.0; Win64; x64) AppleWebKit/537.36 (KHTML, like Gecko) Chrome/148.0.0.0 Safari/537.36 Edg/148.0.0.0',NULL,'2026-05-16 11:35:51','2026-05-16 11:35:51'),(91,'visit','Visited article','App\\Models\\ArticleView','created',60,'App\\Models\\User',1,'{\"attributes\": {\"user_id\": 1, \"article_id\": 7}}','127.0.0.1','Mozilla/5.0 (Windows NT 10.0; Win64; x64) AppleWebKit/537.36 (KHTML, like Gecko) Chrome/148.0.0.0 Safari/537.36 Edg/148.0.0.0',NULL,'2026-05-16 11:36:51','2026-05-16 11:36:51'),(92,'visit','Visited article','App\\Models\\ArticleView','created',61,'App\\Models\\User',1,'{\"attributes\": {\"user_id\": 1, \"article_id\": 7}}','127.0.0.1','Mozilla/5.0 (Windows NT 10.0; Win64; x64) AppleWebKit/537.36 (KHTML, like Gecko) Chrome/148.0.0.0 Safari/537.36 Edg/148.0.0.0',NULL,'2026-05-16 11:37:52','2026-05-16 11:37:52'),(93,'reading','Started reading article','App\\Models\\ArticleReadingProgress','created',4,'App\\Models\\User',1,'{\"attributes\": {\"article_id\": 7, \"scroll_percentage\": 30}}','127.0.0.1','Mozilla/5.0 (Windows NT 10.0; Win64; x64) AppleWebKit/537.36 (KHTML, like Gecko) Chrome/148.0.0.0 Safari/537.36 Edg/148.0.0.0',NULL,'2026-05-16 11:38:47','2026-05-16 11:38:47'),(94,'reading','Reading progress updated','App\\Models\\ArticleReadingProgress','updated',4,'App\\Models\\User',1,'{\"old\": {\"scroll_percentage\": 30}, \"attributes\": {\"scroll_percentage\": 50}}','127.0.0.1','Mozilla/5.0 (Windows NT 10.0; Win64; x64) AppleWebKit/537.36 (KHTML, like Gecko) Chrome/148.0.0.0 Safari/537.36 Edg/148.0.0.0',NULL,'2026-05-16 11:38:48','2026-05-16 11:38:48'),(95,'reading','Reading progress updated','App\\Models\\ArticleReadingProgress','updated',4,'App\\Models\\User',1,'{\"old\": {\"scroll_percentage\": 50}, \"attributes\": {\"scroll_percentage\": 70}}','127.0.0.1','Mozilla/5.0 (Windows NT 10.0; Win64; x64) AppleWebKit/537.36 (KHTML, like Gecko) Chrome/148.0.0.0 Safari/537.36 Edg/148.0.0.0',NULL,'2026-05-16 11:38:49','2026-05-16 11:38:49'),(96,'reading','Reading progress updated','App\\Models\\ArticleReadingProgress','updated',4,'App\\Models\\User',1,'{\"old\": {\"scroll_percentage\": 70}, \"attributes\": {\"scroll_percentage\": 80}}','127.0.0.1','Mozilla/5.0 (Windows NT 10.0; Win64; x64) AppleWebKit/537.36 (KHTML, like Gecko) Chrome/148.0.0.0 Safari/537.36 Edg/148.0.0.0',NULL,'2026-05-16 11:38:50','2026-05-16 11:38:50'),(97,'reading','Reading progress updated','App\\Models\\ArticleReadingProgress','updated',4,'App\\Models\\User',1,'{\"old\": {\"scroll_percentage\": 80}, \"attributes\": {\"scroll_percentage\": 90}}','127.0.0.1','Mozilla/5.0 (Windows NT 10.0; Win64; x64) AppleWebKit/537.36 (KHTML, like Gecko) Chrome/148.0.0.0 Safari/537.36 Edg/148.0.0.0',NULL,'2026-05-16 11:38:50','2026-05-16 11:38:50'),(98,'reading','Reading progress updated','App\\Models\\ArticleReadingProgress','updated',4,'App\\Models\\User',1,'{\"old\": {\"scroll_percentage\": 90}, \"attributes\": {\"scroll_percentage\": 100}}','127.0.0.1','Mozilla/5.0 (Windows NT 10.0; Win64; x64) AppleWebKit/537.36 (KHTML, like Gecko) Chrome/148.0.0.0 Safari/537.36 Edg/148.0.0.0',NULL,'2026-05-16 11:38:50','2026-05-16 11:38:50'),(99,'reading','Reading progress updated','App\\Models\\ArticleReadingProgress','updated',4,'App\\Models\\User',1,'{\"old\": {\"scroll_percentage\": 100}, \"attributes\": {\"scroll_percentage\": 40}}','127.0.0.1','Mozilla/5.0 (Windows NT 10.0; Win64; x64) AppleWebKit/537.36 (KHTML, like Gecko) Chrome/148.0.0.0 Safari/537.36 Edg/148.0.0.0',NULL,'2026-05-16 11:38:51','2026-05-16 11:38:51'),(100,'reading','Reading progress updated','App\\Models\\ArticleReadingProgress','updated',4,'App\\Models\\User',1,'{\"old\": {\"scroll_percentage\": 40}, \"attributes\": {\"scroll_percentage\": 30}}','127.0.0.1','Mozilla/5.0 (Windows NT 10.0; Win64; x64) AppleWebKit/537.36 (KHTML, like Gecko) Chrome/148.0.0.0 Safari/537.36 Edg/148.0.0.0',NULL,'2026-05-16 11:38:51','2026-05-16 11:38:51'),(101,'reading','Reading progress updated','App\\Models\\ArticleReadingProgress','updated',4,'App\\Models\\User',1,'{\"old\": {\"scroll_percentage\": 30}, \"attributes\": {\"scroll_percentage\": 10}}','127.0.0.1','Mozilla/5.0 (Windows NT 10.0; Win64; x64) AppleWebKit/537.36 (KHTML, like Gecko) Chrome/148.0.0.0 Safari/537.36 Edg/148.0.0.0',NULL,'2026-05-16 11:38:51','2026-05-16 11:38:51'),(102,'reading','Reading progress updated','App\\Models\\ArticleReadingProgress','updated',4,'App\\Models\\User',1,'{\"old\": {\"scroll_percentage\": 10}, \"attributes\": {\"scroll_percentage\": 0}}','127.0.0.1','Mozilla/5.0 (Windows NT 10.0; Win64; x64) AppleWebKit/537.36 (KHTML, like Gecko) Chrome/148.0.0.0 Safari/537.36 Edg/148.0.0.0',NULL,'2026-05-16 11:38:51','2026-05-16 11:38:51'),(103,'visit','Visited article','App\\Models\\ArticleView','created',62,'App\\Models\\User',1,'{\"attributes\": {\"user_id\": 1, \"article_id\": 6}}','127.0.0.1','Mozilla/5.0 (Windows NT 10.0; Win64; x64) AppleWebKit/537.36 (KHTML, like Gecko) Chrome/148.0.0.0 Safari/537.36 Edg/148.0.0.0',NULL,'2026-05-16 11:38:57','2026-05-16 11:38:57'),(104,'reading','Reading progress updated','App\\Models\\ArticleReadingProgress','updated',3,'App\\Models\\User',1,'{\"old\": {\"scroll_percentage\": 0}, \"attributes\": {\"scroll_percentage\": 30}}','127.0.0.1','Mozilla/5.0 (Windows NT 10.0; Win64; x64) AppleWebKit/537.36 (KHTML, like Gecko) Chrome/148.0.0.0 Safari/537.36 Edg/148.0.0.0',NULL,'2026-05-16 11:38:59','2026-05-16 11:38:59'),(105,'reading','Reading progress updated','App\\Models\\ArticleReadingProgress','updated',3,'App\\Models\\User',1,'{\"old\": {\"scroll_percentage\": 30}, \"attributes\": {\"scroll_percentage\": 40}}','127.0.0.1','Mozilla/5.0 (Windows NT 10.0; Win64; x64) AppleWebKit/537.36 (KHTML, like Gecko) Chrome/148.0.0.0 Safari/537.36 Edg/148.0.0.0',NULL,'2026-05-16 11:39:01','2026-05-16 11:39:01'),(106,'reading','Reading progress updated','App\\Models\\ArticleReadingProgress','updated',3,'App\\Models\\User',1,'{\"old\": {\"scroll_percentage\": 40}, \"attributes\": {\"scroll_percentage\": 50}}','127.0.0.1','Mozilla/5.0 (Windows NT 10.0; Win64; x64) AppleWebKit/537.36 (KHTML, like Gecko) Chrome/148.0.0.0 Safari/537.36 Edg/148.0.0.0',NULL,'2026-05-16 11:39:02','2026-05-16 11:39:02'),(107,'reading','Reading progress updated','App\\Models\\ArticleReadingProgress','updated',3,'App\\Models\\User',1,'{\"old\": {\"scroll_percentage\": 50}, \"attributes\": {\"scroll_percentage\": 60}}','127.0.0.1','Mozilla/5.0 (Windows NT 10.0; Win64; x64) AppleWebKit/537.36 (KHTML, like Gecko) Chrome/148.0.0.0 Safari/537.36 Edg/148.0.0.0',NULL,'2026-05-16 11:39:02','2026-05-16 11:39:02'),(108,'reading','Reading progress updated','App\\Models\\ArticleReadingProgress','updated',3,'App\\Models\\User',1,'{\"old\": {\"scroll_percentage\": 60}, \"attributes\": {\"scroll_percentage\": 70}}','127.0.0.1','Mozilla/5.0 (Windows NT 10.0; Win64; x64) AppleWebKit/537.36 (KHTML, like Gecko) Chrome/148.0.0.0 Safari/537.36 Edg/148.0.0.0',NULL,'2026-05-16 11:39:03','2026-05-16 11:39:03'),(109,'reading','Reading progress updated','App\\Models\\ArticleReadingProgress','updated',3,'App\\Models\\User',1,'{\"old\": {\"scroll_percentage\": 70}, \"attributes\": {\"scroll_percentage\": 80}}','127.0.0.1','Mozilla/5.0 (Windows NT 10.0; Win64; x64) AppleWebKit/537.36 (KHTML, like Gecko) Chrome/148.0.0.0 Safari/537.36 Edg/148.0.0.0',NULL,'2026-05-16 11:39:04','2026-05-16 11:39:04'),(110,'reading','Reading progress updated','App\\Models\\ArticleReadingProgress','updated',3,'App\\Models\\User',1,'{\"old\": {\"scroll_percentage\": 80}, \"attributes\": {\"scroll_percentage\": 100}}','127.0.0.1','Mozilla/5.0 (Windows NT 10.0; Win64; x64) AppleWebKit/537.36 (KHTML, like Gecko) Chrome/148.0.0.0 Safari/537.36 Edg/148.0.0.0',NULL,'2026-05-16 11:39:05','2026-05-16 11:39:05'),(111,'reading','Reading progress updated','App\\Models\\ArticleReadingProgress','updated',3,'App\\Models\\User',1,'{\"old\": {\"scroll_percentage\": 100}, \"attributes\": {\"scroll_percentage\": 90}}','127.0.0.1','Mozilla/5.0 (Windows NT 10.0; Win64; x64) AppleWebKit/537.36 (KHTML, like Gecko) Chrome/148.0.0.0 Safari/537.36 Edg/148.0.0.0',NULL,'2026-05-16 11:39:05','2026-05-16 11:39:05'),(112,'reading','Reading progress updated','App\\Models\\ArticleReadingProgress','updated',3,'App\\Models\\User',1,'{\"old\": {\"scroll_percentage\": 90}, \"attributes\": {\"scroll_percentage\": 70}}','127.0.0.1','Mozilla/5.0 (Windows NT 10.0; Win64; x64) AppleWebKit/537.36 (KHTML, like Gecko) Chrome/148.0.0.0 Safari/537.36 Edg/148.0.0.0',NULL,'2026-05-16 11:39:05','2026-05-16 11:39:05'),(113,'reading','Reading progress updated','App\\Models\\ArticleReadingProgress','updated',3,'App\\Models\\User',1,'{\"old\": {\"scroll_percentage\": 70}, \"attributes\": {\"scroll_percentage\": 60}}','127.0.0.1','Mozilla/5.0 (Windows NT 10.0; Win64; x64) AppleWebKit/537.36 (KHTML, like Gecko) Chrome/148.0.0.0 Safari/537.36 Edg/148.0.0.0',NULL,'2026-05-16 11:39:05','2026-05-16 11:39:05'),(114,'reading','Reading progress updated','App\\Models\\ArticleReadingProgress','updated',3,'App\\Models\\User',1,'{\"old\": {\"scroll_percentage\": 60}, \"attributes\": {\"scroll_percentage\": 50}}','127.0.0.1','Mozilla/5.0 (Windows NT 10.0; Win64; x64) AppleWebKit/537.36 (KHTML, like Gecko) Chrome/148.0.0.0 Safari/537.36 Edg/148.0.0.0',NULL,'2026-05-16 11:39:06','2026-05-16 11:39:06'),(115,'reading','Reading progress updated','App\\Models\\ArticleReadingProgress','updated',3,'App\\Models\\User',1,'{\"old\": {\"scroll_percentage\": 50}, \"attributes\": {\"scroll_percentage\": 40}}','127.0.0.1','Mozilla/5.0 (Windows NT 10.0; Win64; x64) AppleWebKit/537.36 (KHTML, like Gecko) Chrome/148.0.0.0 Safari/537.36 Edg/148.0.0.0',NULL,'2026-05-16 11:39:06','2026-05-16 11:39:06'),(116,'reading','Reading progress updated','App\\Models\\ArticleReadingProgress','updated',3,'App\\Models\\User',1,'{\"old\": {\"scroll_percentage\": 40}, \"attributes\": {\"scroll_percentage\": 30}}','127.0.0.1','Mozilla/5.0 (Windows NT 10.0; Win64; x64) AppleWebKit/537.36 (KHTML, like Gecko) Chrome/148.0.0.0 Safari/537.36 Edg/148.0.0.0',NULL,'2026-05-16 11:39:06','2026-05-16 11:39:06'),(117,'default','created','App\\Models\\Reaction','created',7,'App\\Models\\User',1,'{\"attributes\": {\"type\": \"like\", \"reactable_id\": 6, \"reactable_type\": \"App\\\\Models\\\\Article\"}}','127.0.0.1','Mozilla/5.0 (Windows NT 10.0; Win64; x64) AppleWebKit/537.36 (KHTML, like Gecko) Chrome/148.0.0.0 Safari/537.36 Edg/148.0.0.0',NULL,'2026-05-16 11:39:08','2026-05-16 11:39:08'),(118,'reading','Reading progress updated','App\\Models\\ArticleReadingProgress','updated',3,'App\\Models\\User',1,'{\"old\": {\"scroll_percentage\": 30}, \"attributes\": {\"scroll_percentage\": 10}}','127.0.0.1','Mozilla/5.0 (Windows NT 10.0; Win64; x64) AppleWebKit/537.36 (KHTML, like Gecko) Chrome/148.0.0.0 Safari/537.36 Edg/148.0.0.0',NULL,'2026-05-16 11:39:11','2026-05-16 11:39:11'),(119,'reading','Reading progress updated','App\\Models\\ArticleReadingProgress','updated',3,'App\\Models\\User',1,'{\"old\": {\"scroll_percentage\": 10}, \"attributes\": {\"scroll_percentage\": 0}}','127.0.0.1','Mozilla/5.0 (Windows NT 10.0; Win64; x64) AppleWebKit/537.36 (KHTML, like Gecko) Chrome/148.0.0.0 Safari/537.36 Edg/148.0.0.0',NULL,'2026-05-16 11:39:11','2026-05-16 11:39:11'),(120,'visit','Visited article','App\\Models\\ArticleView','created',63,'App\\Models\\User',1,'{\"attributes\": {\"user_id\": 1, \"article_id\": 7}}','127.0.0.1','Mozilla/5.0 (Windows NT 10.0; Win64; x64) AppleWebKit/537.36 (KHTML, like Gecko) Chrome/148.0.0.0 Safari/537.36 Edg/148.0.0.0',NULL,'2026-05-16 11:39:55','2026-05-16 11:39:55'),(121,'reading','Reading progress updated','App\\Models\\ArticleReadingProgress','updated',4,'App\\Models\\User',1,'{\"old\": {\"scroll_percentage\": 0}, \"attributes\": {\"scroll_percentage\": 10}}','127.0.0.1','Mozilla/5.0 (Windows NT 10.0; Win64; x64) AppleWebKit/537.36 (KHTML, like Gecko) Chrome/148.0.0.0 Safari/537.36 Edg/148.0.0.0',NULL,'2026-05-16 11:40:01','2026-05-16 11:40:01'),(122,'reading','Reading progress updated','App\\Models\\ArticleReadingProgress','updated',4,'App\\Models\\User',1,'{\"old\": {\"scroll_percentage\": 10}, \"attributes\": {\"scroll_percentage\": 30}}','127.0.0.1','Mozilla/5.0 (Windows NT 10.0; Win64; x64) AppleWebKit/537.36 (KHTML, like Gecko) Chrome/148.0.0.0 Safari/537.36 Edg/148.0.0.0',NULL,'2026-05-16 11:40:02','2026-05-16 11:40:02'),(123,'reading','Reading progress updated','App\\Models\\ArticleReadingProgress','updated',4,'App\\Models\\User',1,'{\"old\": {\"scroll_percentage\": 30}, \"attributes\": {\"scroll_percentage\": 50}}','127.0.0.1','Mozilla/5.0 (Windows NT 10.0; Win64; x64) AppleWebKit/537.36 (KHTML, like Gecko) Chrome/148.0.0.0 Safari/537.36 Edg/148.0.0.0',NULL,'2026-05-16 11:40:04','2026-05-16 11:40:04'),(124,'reading','Reading progress updated','App\\Models\\ArticleReadingProgress','updated',4,'App\\Models\\User',1,'{\"old\": {\"scroll_percentage\": 50}, \"attributes\": {\"scroll_percentage\": 60}}','127.0.0.1','Mozilla/5.0 (Windows NT 10.0; Win64; x64) AppleWebKit/537.36 (KHTML, like Gecko) Chrome/148.0.0.0 Safari/537.36 Edg/148.0.0.0',NULL,'2026-05-16 11:40:13','2026-05-16 11:40:13'),(125,'reading','Reading progress updated','App\\Models\\ArticleReadingProgress','updated',4,'App\\Models\\User',1,'{\"old\": {\"scroll_percentage\": 60}, \"attributes\": {\"scroll_percentage\": 70}}','127.0.0.1','Mozilla/5.0 (Windows NT 10.0; Win64; x64) AppleWebKit/537.36 (KHTML, like Gecko) Chrome/148.0.0.0 Safari/537.36 Edg/148.0.0.0',NULL,'2026-05-16 11:40:13','2026-05-16 11:40:13'),(126,'reading','Reading progress updated','App\\Models\\ArticleReadingProgress','updated',4,'App\\Models\\User',1,'{\"old\": {\"scroll_percentage\": 70}, \"attributes\": {\"scroll_percentage\": 90}}','127.0.0.1','Mozilla/5.0 (Windows NT 10.0; Win64; x64) AppleWebKit/537.36 (KHTML, like Gecko) Chrome/148.0.0.0 Safari/537.36 Edg/148.0.0.0',NULL,'2026-05-16 11:40:15','2026-05-16 11:40:15'),(127,'reading','Reading progress updated','App\\Models\\ArticleReadingProgress','updated',4,'App\\Models\\User',1,'{\"old\": {\"scroll_percentage\": 90}, \"attributes\": {\"scroll_percentage\": 100}}','127.0.0.1','Mozilla/5.0 (Windows NT 10.0; Win64; x64) AppleWebKit/537.36 (KHTML, like Gecko) Chrome/148.0.0.0 Safari/537.36 Edg/148.0.0.0',NULL,'2026-05-16 11:40:15','2026-05-16 11:40:15'),(128,'visit','Visited article','App\\Models\\ArticleView','created',64,'App\\Models\\User',1,'{\"attributes\": {\"user_id\": 1, \"article_id\": 6}}','127.0.0.1','Mozilla/5.0 (Windows NT 10.0; Win64; x64) AppleWebKit/537.36 (KHTML, like Gecko) Chrome/148.0.0.0 Safari/537.36 Edg/148.0.0.0',NULL,'2026-05-16 11:40:31','2026-05-16 11:40:31'),(129,'reading','Reading progress updated','App\\Models\\ArticleReadingProgress','updated',3,'App\\Models\\User',1,'{\"old\": {\"scroll_percentage\": 0}, \"attributes\": {\"scroll_percentage\": 10}}','127.0.0.1','Mozilla/5.0 (Windows NT 10.0; Win64; x64) AppleWebKit/537.36 (KHTML, like Gecko) Chrome/148.0.0.0 Safari/537.36 Edg/148.0.0.0',NULL,'2026-05-16 11:40:51','2026-05-16 11:40:51'),(130,'reading','Reading progress updated','App\\Models\\ArticleReadingProgress','updated',3,'App\\Models\\User',1,'{\"old\": {\"scroll_percentage\": 10}, \"attributes\": {\"scroll_percentage\": 20}}','127.0.0.1','Mozilla/5.0 (Windows NT 10.0; Win64; x64) AppleWebKit/537.36 (KHTML, like Gecko) Chrome/148.0.0.0 Safari/537.36 Edg/148.0.0.0',NULL,'2026-05-16 11:40:51','2026-05-16 11:40:51'),(131,'reading','Reading progress updated','App\\Models\\ArticleReadingProgress','updated',3,'App\\Models\\User',1,'{\"old\": {\"scroll_percentage\": 20}, \"attributes\": {\"scroll_percentage\": 30}}','127.0.0.1','Mozilla/5.0 (Windows NT 10.0; Win64; x64) AppleWebKit/537.36 (KHTML, like Gecko) Chrome/148.0.0.0 Safari/537.36 Edg/148.0.0.0',NULL,'2026-05-16 11:40:51','2026-05-16 11:40:51'),(132,'reading','Reading progress updated','App\\Models\\ArticleReadingProgress','updated',3,'App\\Models\\User',1,'{\"old\": {\"scroll_percentage\": 30}, \"attributes\": {\"scroll_percentage\": 60}}','127.0.0.1','Mozilla/5.0 (Windows NT 10.0; Win64; x64) AppleWebKit/537.36 (KHTML, like Gecko) Chrome/148.0.0.0 Safari/537.36 Edg/148.0.0.0',NULL,'2026-05-16 11:40:52','2026-05-16 11:40:52'),(133,'reading','Reading progress updated','App\\Models\\ArticleReadingProgress','updated',3,'App\\Models\\User',1,'{\"old\": {\"scroll_percentage\": 60}, \"attributes\": {\"scroll_percentage\": 10}}','127.0.0.1','Mozilla/5.0 (Windows NT 10.0; Win64; x64) AppleWebKit/537.36 (KHTML, like Gecko) Chrome/148.0.0.0 Safari/537.36 Edg/148.0.0.0',NULL,'2026-05-16 11:40:52','2026-05-16 11:40:52'),(134,'reading','Reading progress updated','App\\Models\\ArticleReadingProgress','updated',3,'App\\Models\\User',1,'{\"old\": {\"scroll_percentage\": 10}, \"attributes\": {\"scroll_percentage\": 0}}','127.0.0.1','Mozilla/5.0 (Windows NT 10.0; Win64; x64) AppleWebKit/537.36 (KHTML, like Gecko) Chrome/148.0.0.0 Safari/537.36 Edg/148.0.0.0',NULL,'2026-05-16 11:40:52','2026-05-16 11:40:52'),(135,'visit','Visited article','App\\Models\\ArticleView','created',65,'App\\Models\\User',1,'{\"attributes\": {\"user_id\": 1, \"article_id\": 7}}','127.0.0.1','Mozilla/5.0 (Windows NT 10.0; Win64; x64) AppleWebKit/537.36 (KHTML, like Gecko) Chrome/148.0.0.0 Safari/537.36 Edg/148.0.0.0',NULL,'2026-05-16 11:41:40','2026-05-16 11:41:40'),(136,'visit','Visited article','App\\Models\\ArticleView','created',66,NULL,NULL,'{\"attributes\": {\"user_id\": null, \"article_id\": 6}}','127.0.0.1','Mozilla/5.0 (Windows NT 10.0; Win64; x64) AppleWebKit/537.36 (KHTML, like Gecko) Chrome/148.0.0.0 Safari/537.36',NULL,'2026-05-16 11:42:35','2026-05-16 11:42:35'),(137,'auth','Logged in',NULL,NULL,NULL,'App\\Models\\User',152,'[]','127.0.0.1','Mozilla/5.0 (Windows NT 10.0; Win64; x64) AppleWebKit/537.36 (KHTML, like Gecko) Chrome/148.0.0.0 Safari/537.36',NULL,'2026-05-16 11:42:53','2026-05-16 11:42:53'),(138,'visit','Visited article','App\\Models\\ArticleView','created',67,'App\\Models\\User',152,'{\"attributes\": {\"user_id\": 152, \"article_id\": 7}}','127.0.0.1','Mozilla/5.0 (Windows NT 10.0; Win64; x64) AppleWebKit/537.36 (KHTML, like Gecko) Chrome/148.0.0.0 Safari/537.36',NULL,'2026-05-16 11:43:19','2026-05-16 11:43:19'),(139,'reading','Reading progress updated','App\\Models\\ArticleReadingProgress','updated',2,'App\\Models\\User',152,'{\"old\": {\"scroll_percentage\": 0}, \"attributes\": {\"scroll_percentage\": 20}}','127.0.0.1','Mozilla/5.0 (Windows NT 10.0; Win64; x64) AppleWebKit/537.36 (KHTML, like Gecko) Chrome/148.0.0.0 Safari/537.36',NULL,'2026-05-16 11:43:26','2026-05-16 11:43:26'),(140,'reading','Reading progress updated','App\\Models\\ArticleReadingProgress','updated',2,'App\\Models\\User',152,'{\"old\": {\"scroll_percentage\": 20}, \"attributes\": {\"scroll_percentage\": 30}}','127.0.0.1','Mozilla/5.0 (Windows NT 10.0; Win64; x64) AppleWebKit/537.36 (KHTML, like Gecko) Chrome/148.0.0.0 Safari/537.36',NULL,'2026-05-16 11:43:28','2026-05-16 11:43:28'),(141,'default','created','App\\Models\\Reaction','created',8,'App\\Models\\User',152,'{\"attributes\": {\"type\": \"like\", \"reactable_id\": 7, \"reactable_type\": \"App\\\\Models\\\\Article\"}}','127.0.0.1','Mozilla/5.0 (Windows NT 10.0; Win64; x64) AppleWebKit/537.36 (KHTML, like Gecko) Chrome/148.0.0.0 Safari/537.36',NULL,'2026-05-16 11:43:30','2026-05-16 11:43:30'),(142,'reading','Reading progress updated','App\\Models\\ArticleReadingProgress','updated',2,'App\\Models\\User',152,'{\"old\": {\"scroll_percentage\": 30}, \"attributes\": {\"scroll_percentage\": 40}}','127.0.0.1','Mozilla/5.0 (Windows NT 10.0; Win64; x64) AppleWebKit/537.36 (KHTML, like Gecko) Chrome/148.0.0.0 Safari/537.36',NULL,'2026-05-16 11:43:33','2026-05-16 11:43:33'),(143,'reading','Reading progress updated','App\\Models\\ArticleReadingProgress','updated',2,'App\\Models\\User',152,'{\"old\": {\"scroll_percentage\": 40}, \"attributes\": {\"scroll_percentage\": 50}}','127.0.0.1','Mozilla/5.0 (Windows NT 10.0; Win64; x64) AppleWebKit/537.36 (KHTML, like Gecko) Chrome/148.0.0.0 Safari/537.36',NULL,'2026-05-16 11:43:34','2026-05-16 11:43:34'),(144,'reading','Reading progress updated','App\\Models\\ArticleReadingProgress','updated',2,'App\\Models\\User',152,'{\"old\": {\"scroll_percentage\": 50}, \"attributes\": {\"scroll_percentage\": 80}}','127.0.0.1','Mozilla/5.0 (Windows NT 10.0; Win64; x64) AppleWebKit/537.36 (KHTML, like Gecko) Chrome/148.0.0.0 Safari/537.36',NULL,'2026-05-16 11:43:35','2026-05-16 11:43:35'),(145,'reading','Reading progress updated','App\\Models\\ArticleReadingProgress','updated',2,'App\\Models\\User',152,'{\"old\": {\"scroll_percentage\": 80}, \"attributes\": {\"scroll_percentage\": 70}}','127.0.0.1','Mozilla/5.0 (Windows NT 10.0; Win64; x64) AppleWebKit/537.36 (KHTML, like Gecko) Chrome/148.0.0.0 Safari/537.36',NULL,'2026-05-16 11:43:37','2026-05-16 11:43:37'),(146,'reading','Reading progress updated','App\\Models\\ArticleReadingProgress','updated',2,'App\\Models\\User',152,'{\"old\": {\"scroll_percentage\": 70}, \"attributes\": {\"scroll_percentage\": 90}}','127.0.0.1','Mozilla/5.0 (Windows NT 10.0; Win64; x64) AppleWebKit/537.36 (KHTML, like Gecko) Chrome/148.0.0.0 Safari/537.36',NULL,'2026-05-16 11:43:37','2026-05-16 11:43:37'),(147,'default','created','App\\Models\\Reaction','created',9,'App\\Models\\User',152,'{\"attributes\": {\"type\": \"like\", \"reactable_id\": 1, \"reactable_type\": \"App\\\\Models\\\\Comment\"}}','127.0.0.1','Mozilla/5.0 (Windows NT 10.0; Win64; x64) AppleWebKit/537.36 (KHTML, like Gecko) Chrome/148.0.0.0 Safari/537.36',NULL,'2026-05-16 11:43:39','2026-05-16 11:43:39'),(148,'default','created','App\\Models\\Reaction','created',10,'App\\Models\\User',152,'{\"attributes\": {\"type\": \"like\", \"reactable_id\": 2, \"reactable_type\": \"App\\\\Models\\\\Comment\"}}','127.0.0.1','Mozilla/5.0 (Windows NT 10.0; Win64; x64) AppleWebKit/537.36 (KHTML, like Gecko) Chrome/148.0.0.0 Safari/537.36',NULL,'2026-05-16 11:43:41','2026-05-16 11:43:41'),(149,'reading','Reading progress updated','App\\Models\\ArticleReadingProgress','updated',2,'App\\Models\\User',152,'{\"old\": {\"scroll_percentage\": 90}, \"attributes\": {\"scroll_percentage\": 70}}','127.0.0.1','Mozilla/5.0 (Windows NT 10.0; Win64; x64) AppleWebKit/537.36 (KHTML, like Gecko) Chrome/148.0.0.0 Safari/537.36',NULL,'2026-05-16 11:43:43','2026-05-16 11:43:43'),(150,'reading','Reading progress updated','App\\Models\\ArticleReadingProgress','updated',2,'App\\Models\\User',152,'{\"old\": {\"scroll_percentage\": 70}, \"attributes\": {\"scroll_percentage\": 60}}','127.0.0.1','Mozilla/5.0 (Windows NT 10.0; Win64; x64) AppleWebKit/537.36 (KHTML, like Gecko) Chrome/148.0.0.0 Safari/537.36',NULL,'2026-05-16 11:43:44','2026-05-16 11:43:44'),(151,'reading','Reading progress updated','App\\Models\\ArticleReadingProgress','updated',2,'App\\Models\\User',152,'{\"old\": {\"scroll_percentage\": 60}, \"attributes\": {\"scroll_percentage\": 90}}','127.0.0.1','Mozilla/5.0 (Windows NT 10.0; Win64; x64) AppleWebKit/537.36 (KHTML, like Gecko) Chrome/148.0.0.0 Safari/537.36',NULL,'2026-05-16 11:43:45','2026-05-16 11:43:45'),(152,'reading','Reading progress updated','App\\Models\\ArticleReadingProgress','updated',2,'App\\Models\\User',152,'{\"old\": {\"scroll_percentage\": 90}, \"attributes\": {\"scroll_percentage\": 100}}','127.0.0.1','Mozilla/5.0 (Windows NT 10.0; Win64; x64) AppleWebKit/537.36 (KHTML, like Gecko) Chrome/148.0.0.0 Safari/537.36',NULL,'2026-05-16 11:43:45','2026-05-16 11:43:45'),(153,'reading','Reading progress updated','App\\Models\\ArticleReadingProgress','updated',2,'App\\Models\\User',152,'{\"old\": {\"scroll_percentage\": 100}, \"attributes\": {\"scroll_percentage\": 90}}','127.0.0.1','Mozilla/5.0 (Windows NT 10.0; Win64; x64) AppleWebKit/537.36 (KHTML, like Gecko) Chrome/148.0.0.0 Safari/537.36',NULL,'2026-05-16 11:43:48','2026-05-16 11:43:48'),(154,'reading','Reading progress updated','App\\Models\\ArticleReadingProgress','updated',2,'App\\Models\\User',152,'{\"old\": {\"scroll_percentage\": 90}, \"attributes\": {\"scroll_percentage\": 80}}','127.0.0.1','Mozilla/5.0 (Windows NT 10.0; Win64; x64) AppleWebKit/537.36 (KHTML, like Gecko) Chrome/148.0.0.0 Safari/537.36',NULL,'2026-05-16 11:43:48','2026-05-16 11:43:48'),(155,'reading','Reading progress updated','App\\Models\\ArticleReadingProgress','updated',2,'App\\Models\\User',152,'{\"old\": {\"scroll_percentage\": 80}, \"attributes\": {\"scroll_percentage\": 70}}','127.0.0.1','Mozilla/5.0 (Windows NT 10.0; Win64; x64) AppleWebKit/537.36 (KHTML, like Gecko) Chrome/148.0.0.0 Safari/537.36',NULL,'2026-05-16 11:43:49','2026-05-16 11:43:49'),(156,'reading','Reading progress updated','App\\Models\\ArticleReadingProgress','updated',2,'App\\Models\\User',152,'{\"old\": {\"scroll_percentage\": 70}, \"attributes\": {\"scroll_percentage\": 60}}','127.0.0.1','Mozilla/5.0 (Windows NT 10.0; Win64; x64) AppleWebKit/537.36 (KHTML, like Gecko) Chrome/148.0.0.0 Safari/537.36',NULL,'2026-05-16 11:43:49','2026-05-16 11:43:49'),(157,'reading','Reading progress updated','App\\Models\\ArticleReadingProgress','updated',2,'App\\Models\\User',152,'{\"old\": {\"scroll_percentage\": 60}, \"attributes\": {\"scroll_percentage\": 50}}','127.0.0.1','Mozilla/5.0 (Windows NT 10.0; Win64; x64) AppleWebKit/537.36 (KHTML, like Gecko) Chrome/148.0.0.0 Safari/537.36',NULL,'2026-05-16 11:43:49','2026-05-16 11:43:49'),(158,'reading','Reading progress updated','App\\Models\\ArticleReadingProgress','updated',2,'App\\Models\\User',152,'{\"old\": {\"scroll_percentage\": 50}, \"attributes\": {\"scroll_percentage\": 0}}','127.0.0.1','Mozilla/5.0 (Windows NT 10.0; Win64; x64) AppleWebKit/537.36 (KHTML, like Gecko) Chrome/148.0.0.0 Safari/537.36',NULL,'2026-05-16 11:43:50','2026-05-16 11:43:50'),(159,'reading','Reading progress updated','App\\Models\\ArticleReadingProgress','updated',2,'App\\Models\\User',152,'{\"old\": {\"scroll_percentage\": 0}, \"attributes\": {\"scroll_percentage\": 30}}','127.0.0.1','Mozilla/5.0 (Windows NT 10.0; Win64; x64) AppleWebKit/537.36 (KHTML, like Gecko) Chrome/148.0.0.0 Safari/537.36',NULL,'2026-05-16 11:43:52','2026-05-16 11:43:52'),(160,'reading','Reading progress updated','App\\Models\\ArticleReadingProgress','updated',2,'App\\Models\\User',152,'{\"old\": {\"scroll_percentage\": 30}, \"attributes\": {\"scroll_percentage\": 40}}','127.0.0.1','Mozilla/5.0 (Windows NT 10.0; Win64; x64) AppleWebKit/537.36 (KHTML, like Gecko) Chrome/148.0.0.0 Safari/537.36',NULL,'2026-05-16 11:43:53','2026-05-16 11:43:53'),(161,'reading','Reading progress updated','App\\Models\\ArticleReadingProgress','updated',2,'App\\Models\\User',152,'{\"old\": {\"scroll_percentage\": 40}, \"attributes\": {\"scroll_percentage\": 0}}','127.0.0.1','Mozilla/5.0 (Windows NT 10.0; Win64; x64) AppleWebKit/537.36 (KHTML, like Gecko) Chrome/148.0.0.0 Safari/537.36',NULL,'2026-05-16 11:43:55','2026-05-16 11:43:55'),(162,'reading','Reading progress updated','App\\Models\\ArticleReadingProgress','updated',2,'App\\Models\\User',152,'{\"old\": {\"scroll_percentage\": 0}, \"attributes\": {\"scroll_percentage\": 10}}','127.0.0.1','Mozilla/5.0 (Windows NT 10.0; Win64; x64) AppleWebKit/537.36 (KHTML, like Gecko) Chrome/148.0.0.0 Safari/537.36',NULL,'2026-05-16 11:43:56','2026-05-16 11:43:56'),(163,'reading','Reading progress updated','App\\Models\\ArticleReadingProgress','updated',2,'App\\Models\\User',152,'{\"old\": {\"scroll_percentage\": 10}, \"attributes\": {\"scroll_percentage\": 30}}','127.0.0.1','Mozilla/5.0 (Windows NT 10.0; Win64; x64) AppleWebKit/537.36 (KHTML, like Gecko) Chrome/148.0.0.0 Safari/537.36',NULL,'2026-05-16 11:43:57','2026-05-16 11:43:57'),(164,'reading','Reading progress updated','App\\Models\\ArticleReadingProgress','updated',2,'App\\Models\\User',152,'{\"old\": {\"scroll_percentage\": 30}, \"attributes\": {\"scroll_percentage\": 40}}','127.0.0.1','Mozilla/5.0 (Windows NT 10.0; Win64; x64) AppleWebKit/537.36 (KHTML, like Gecko) Chrome/148.0.0.0 Safari/537.36',NULL,'2026-05-16 11:43:58','2026-05-16 11:43:58'),(165,'reading','Reading progress updated','App\\Models\\ArticleReadingProgress','updated',2,'App\\Models\\User',152,'{\"old\": {\"scroll_percentage\": 40}, \"attributes\": {\"scroll_percentage\": 60}}','127.0.0.1','Mozilla/5.0 (Windows NT 10.0; Win64; x64) AppleWebKit/537.36 (KHTML, like Gecko) Chrome/148.0.0.0 Safari/537.36',NULL,'2026-05-16 11:43:58','2026-05-16 11:43:58'),(166,'reading','Reading progress updated','App\\Models\\ArticleReadingProgress','updated',2,'App\\Models\\User',152,'{\"old\": {\"scroll_percentage\": 60}, \"attributes\": {\"scroll_percentage\": 0}}','127.0.0.1','Mozilla/5.0 (Windows NT 10.0; Win64; x64) AppleWebKit/537.36 (KHTML, like Gecko) Chrome/148.0.0.0 Safari/537.36',NULL,'2026-05-16 11:43:59','2026-05-16 11:43:59'),(167,'reading','Reading progress updated','App\\Models\\ArticleReadingProgress','updated',2,'App\\Models\\User',152,'{\"old\": {\"scroll_percentage\": 0}, \"attributes\": {\"scroll_percentage\": 20}}','127.0.0.1','Mozilla/5.0 (Windows NT 10.0; Win64; x64) AppleWebKit/537.36 (KHTML, like Gecko) Chrome/148.0.0.0 Safari/537.36',NULL,'2026-05-16 11:44:00','2026-05-16 11:44:00'),(168,'reading','Reading progress updated','App\\Models\\ArticleReadingProgress','updated',2,'App\\Models\\User',152,'{\"old\": {\"scroll_percentage\": 20}, \"attributes\": {\"scroll_percentage\": 30}}','127.0.0.1','Mozilla/5.0 (Windows NT 10.0; Win64; x64) AppleWebKit/537.36 (KHTML, like Gecko) Chrome/148.0.0.0 Safari/537.36',NULL,'2026-05-16 11:44:01','2026-05-16 11:44:01'),(169,'reading','Reading progress updated','App\\Models\\ArticleReadingProgress','updated',2,'App\\Models\\User',152,'{\"old\": {\"scroll_percentage\": 30}, \"attributes\": {\"scroll_percentage\": 0}}','127.0.0.1','Mozilla/5.0 (Windows NT 10.0; Win64; x64) AppleWebKit/537.36 (KHTML, like Gecko) Chrome/148.0.0.0 Safari/537.36',NULL,'2026-05-16 11:44:02','2026-05-16 11:44:02'),(170,'reading','Reading progress updated','App\\Models\\ArticleReadingProgress','updated',2,'App\\Models\\User',152,'{\"old\": {\"scroll_percentage\": 0}, \"attributes\": {\"scroll_percentage\": 30}}','127.0.0.1','Mozilla/5.0 (Windows NT 10.0; Win64; x64) AppleWebKit/537.36 (KHTML, like Gecko) Chrome/148.0.0.0 Safari/537.36',NULL,'2026-05-16 11:44:04','2026-05-16 11:44:04'),(171,'reading','Reading progress updated','App\\Models\\ArticleReadingProgress','updated',2,'App\\Models\\User',152,'{\"old\": {\"scroll_percentage\": 30}, \"attributes\": {\"scroll_percentage\": 40}}','127.0.0.1','Mozilla/5.0 (Windows NT 10.0; Win64; x64) AppleWebKit/537.36 (KHTML, like Gecko) Chrome/148.0.0.0 Safari/537.36',NULL,'2026-05-16 11:44:05','2026-05-16 11:44:05'),(172,'reading','Reading progress updated','App\\Models\\ArticleReadingProgress','updated',2,'App\\Models\\User',152,'{\"old\": {\"scroll_percentage\": 40}, \"attributes\": {\"scroll_percentage\": 70}}','127.0.0.1','Mozilla/5.0 (Windows NT 10.0; Win64; x64) AppleWebKit/537.36 (KHTML, like Gecko) Chrome/148.0.0.0 Safari/537.36',NULL,'2026-05-16 11:44:05','2026-05-16 11:44:05'),(173,'reading','Reading progress updated','App\\Models\\ArticleReadingProgress','updated',2,'App\\Models\\User',152,'{\"old\": {\"scroll_percentage\": 70}, \"attributes\": {\"scroll_percentage\": 90}}','127.0.0.1','Mozilla/5.0 (Windows NT 10.0; Win64; x64) AppleWebKit/537.36 (KHTML, like Gecko) Chrome/148.0.0.0 Safari/537.36',NULL,'2026-05-16 11:44:05','2026-05-16 11:44:05'),(174,'reading','Reading progress updated','App\\Models\\ArticleReadingProgress','updated',2,'App\\Models\\User',152,'{\"old\": {\"scroll_percentage\": 90}, \"attributes\": {\"scroll_percentage\": 100}}','127.0.0.1','Mozilla/5.0 (Windows NT 10.0; Win64; x64) AppleWebKit/537.36 (KHTML, like Gecko) Chrome/148.0.0.0 Safari/537.36',NULL,'2026-05-16 11:44:05','2026-05-16 11:44:05'),(175,'visit','Visited article','App\\Models\\ArticleView','created',68,'App\\Models\\User',152,'{\"attributes\": {\"user_id\": 152, \"article_id\": 6}}','127.0.0.1','Mozilla/5.0 (Windows NT 10.0; Win64; x64) AppleWebKit/537.36 (KHTML, like Gecko) Chrome/148.0.0.0 Safari/537.36',NULL,'2026-05-16 11:44:18','2026-05-16 11:44:18'),(176,'reading','Reading progress updated','App\\Models\\ArticleReadingProgress','updated',1,'App\\Models\\User',152,'{\"old\": {\"scroll_percentage\": 70}, \"attributes\": {\"scroll_percentage\": 20}}','127.0.0.1','Mozilla/5.0 (Windows NT 10.0; Win64; x64) AppleWebKit/537.36 (KHTML, like Gecko) Chrome/148.0.0.0 Safari/537.36',NULL,'2026-05-16 11:44:20','2026-05-16 11:44:20'),(177,'reading','Reading progress updated','App\\Models\\ArticleReadingProgress','updated',1,'App\\Models\\User',152,'{\"old\": {\"scroll_percentage\": 20}, \"attributes\": {\"scroll_percentage\": 30}}','127.0.0.1','Mozilla/5.0 (Windows NT 10.0; Win64; x64) AppleWebKit/537.36 (KHTML, like Gecko) Chrome/148.0.0.0 Safari/537.36',NULL,'2026-05-16 11:44:22','2026-05-16 11:44:22'),(178,'reading','Reading progress updated','App\\Models\\ArticleReadingProgress','updated',1,'App\\Models\\User',152,'{\"old\": {\"scroll_percentage\": 30}, \"attributes\": {\"scroll_percentage\": 40}}','127.0.0.1','Mozilla/5.0 (Windows NT 10.0; Win64; x64) AppleWebKit/537.36 (KHTML, like Gecko) Chrome/148.0.0.0 Safari/537.36',NULL,'2026-05-16 11:44:23','2026-05-16 11:44:23'),(179,'reading','Reading progress updated','App\\Models\\ArticleReadingProgress','updated',1,'App\\Models\\User',152,'{\"old\": {\"scroll_percentage\": 40}, \"attributes\": {\"scroll_percentage\": 50}}','127.0.0.1','Mozilla/5.0 (Windows NT 10.0; Win64; x64) AppleWebKit/537.36 (KHTML, like Gecko) Chrome/148.0.0.0 Safari/537.36',NULL,'2026-05-16 11:44:24','2026-05-16 11:44:24'),(180,'reading','Reading progress updated','App\\Models\\ArticleReadingProgress','updated',1,'App\\Models\\User',152,'{\"old\": {\"scroll_percentage\": 50}, \"attributes\": {\"scroll_percentage\": 60}}','127.0.0.1','Mozilla/5.0 (Windows NT 10.0; Win64; x64) AppleWebKit/537.36 (KHTML, like Gecko) Chrome/148.0.0.0 Safari/537.36',NULL,'2026-05-16 11:44:25','2026-05-16 11:44:25'),(181,'reading','Reading progress updated','App\\Models\\ArticleReadingProgress','updated',1,'App\\Models\\User',152,'{\"old\": {\"scroll_percentage\": 60}, \"attributes\": {\"scroll_percentage\": 70}}','127.0.0.1','Mozilla/5.0 (Windows NT 10.0; Win64; x64) AppleWebKit/537.36 (KHTML, like Gecko) Chrome/148.0.0.0 Safari/537.36',NULL,'2026-05-16 11:44:25','2026-05-16 11:44:25'),(182,'reading','Reading progress updated','App\\Models\\ArticleReadingProgress','updated',1,'App\\Models\\User',152,'{\"old\": {\"scroll_percentage\": 70}, \"attributes\": {\"scroll_percentage\": 80}}','127.0.0.1','Mozilla/5.0 (Windows NT 10.0; Win64; x64) AppleWebKit/537.36 (KHTML, like Gecko) Chrome/148.0.0.0 Safari/537.36',NULL,'2026-05-16 11:44:25','2026-05-16 11:44:25'),(183,'reading','Reading progress updated','App\\Models\\ArticleReadingProgress','updated',1,'App\\Models\\User',152,'{\"old\": {\"scroll_percentage\": 80}, \"attributes\": {\"scroll_percentage\": 90}}','127.0.0.1','Mozilla/5.0 (Windows NT 10.0; Win64; x64) AppleWebKit/537.36 (KHTML, like Gecko) Chrome/148.0.0.0 Safari/537.36',NULL,'2026-05-16 11:44:26','2026-05-16 11:44:26'),(184,'reading','Reading progress updated','App\\Models\\ArticleReadingProgress','updated',1,'App\\Models\\User',152,'{\"old\": {\"scroll_percentage\": 90}, \"attributes\": {\"scroll_percentage\": 100}}','127.0.0.1','Mozilla/5.0 (Windows NT 10.0; Win64; x64) AppleWebKit/537.36 (KHTML, like Gecko) Chrome/148.0.0.0 Safari/537.36',NULL,'2026-05-16 11:44:27','2026-05-16 11:44:27'),(185,'default','created','App\\Models\\Reaction','created',11,'App\\Models\\User',152,'{\"attributes\": {\"type\": \"like\", \"reactable_id\": 3, \"reactable_type\": \"App\\\\Models\\\\Comment\"}}','127.0.0.1','Mozilla/5.0 (Windows NT 10.0; Win64; x64) AppleWebKit/537.36 (KHTML, like Gecko) Chrome/148.0.0.0 Safari/537.36',NULL,'2026-05-16 11:44:28','2026-05-16 11:44:28'),(186,'reading','Reading progress updated','App\\Models\\ArticleReadingProgress','updated',1,'App\\Models\\User',152,'{\"old\": {\"scroll_percentage\": 100}, \"attributes\": {\"scroll_percentage\": 70}}','127.0.0.1','Mozilla/5.0 (Windows NT 10.0; Win64; x64) AppleWebKit/537.36 (KHTML, like Gecko) Chrome/148.0.0.0 Safari/537.36',NULL,'2026-05-16 11:44:34','2026-05-16 11:44:34'),(187,'reading','Reading progress updated','App\\Models\\ArticleReadingProgress','updated',1,'App\\Models\\User',152,'{\"old\": {\"scroll_percentage\": 70}, \"attributes\": {\"scroll_percentage\": 60}}','127.0.0.1','Mozilla/5.0 (Windows NT 10.0; Win64; x64) AppleWebKit/537.36 (KHTML, like Gecko) Chrome/148.0.0.0 Safari/537.36',NULL,'2026-05-16 11:44:35','2026-05-16 11:44:35'),(188,'reading','Reading progress updated','App\\Models\\ArticleReadingProgress','updated',1,'App\\Models\\User',152,'{\"old\": {\"scroll_percentage\": 60}, \"attributes\": {\"scroll_percentage\": 40}}','127.0.0.1','Mozilla/5.0 (Windows NT 10.0; Win64; x64) AppleWebKit/537.36 (KHTML, like Gecko) Chrome/148.0.0.0 Safari/537.36',NULL,'2026-05-16 11:44:35','2026-05-16 11:44:35'),(189,'reading','Reading progress updated','App\\Models\\ArticleReadingProgress','updated',1,'App\\Models\\User',152,'{\"old\": {\"scroll_percentage\": 40}, \"attributes\": {\"scroll_percentage\": 30}}','127.0.0.1','Mozilla/5.0 (Windows NT 10.0; Win64; x64) AppleWebKit/537.36 (KHTML, like Gecko) Chrome/148.0.0.0 Safari/537.36',NULL,'2026-05-16 11:44:35','2026-05-16 11:44:35'),(190,'reading','Reading progress updated','App\\Models\\ArticleReadingProgress','updated',1,'App\\Models\\User',152,'{\"old\": {\"scroll_percentage\": 30}, \"attributes\": {\"scroll_percentage\": 20}}','127.0.0.1','Mozilla/5.0 (Windows NT 10.0; Win64; x64) AppleWebKit/537.36 (KHTML, like Gecko) Chrome/148.0.0.0 Safari/537.36',NULL,'2026-05-16 11:44:35','2026-05-16 11:44:35'),(191,'reading','Reading progress updated','App\\Models\\ArticleReadingProgress','updated',1,'App\\Models\\User',152,'{\"old\": {\"scroll_percentage\": 20}, \"attributes\": {\"scroll_percentage\": 10}}','127.0.0.1','Mozilla/5.0 (Windows NT 10.0; Win64; x64) AppleWebKit/537.36 (KHTML, like Gecko) Chrome/148.0.0.0 Safari/537.36',NULL,'2026-05-16 11:44:35','2026-05-16 11:44:35'),(192,'reading','Reading progress updated','App\\Models\\ArticleReadingProgress','updated',1,'App\\Models\\User',152,'{\"old\": {\"scroll_percentage\": 10}, \"attributes\": {\"scroll_percentage\": 30}}','127.0.0.1','Mozilla/5.0 (Windows NT 10.0; Win64; x64) AppleWebKit/537.36 (KHTML, like Gecko) Chrome/148.0.0.0 Safari/537.36',NULL,'2026-05-16 11:44:35','2026-05-16 11:44:35'),(193,'default','updated','App\\Models\\Reaction','updated',6,'App\\Models\\User',152,'{\"old\": {\"type\": \"love\"}, \"attributes\": {\"type\": \"fire\"}}','127.0.0.1','Mozilla/5.0 (Windows NT 10.0; Win64; x64) AppleWebKit/537.36 (KHTML, like Gecko) Chrome/148.0.0.0 Safari/537.36',NULL,'2026-05-16 11:44:35','2026-05-16 11:44:35'),(194,'reading','Reading progress updated','App\\Models\\ArticleReadingProgress','updated',1,'App\\Models\\User',152,'{\"old\": {\"scroll_percentage\": 30}, \"attributes\": {\"scroll_percentage\": 0}}','127.0.0.1','Mozilla/5.0 (Windows NT 10.0; Win64; x64) AppleWebKit/537.36 (KHTML, like Gecko) Chrome/148.0.0.0 Safari/537.36',NULL,'2026-05-16 11:44:38','2026-05-16 11:44:38'),(195,'visit','Visited article','App\\Models\\ArticleView','created',69,'App\\Models\\User',1,'{\"attributes\": {\"user_id\": 1, \"article_id\": 7}}','127.0.0.1','Mozilla/5.0 (Windows NT 10.0; Win64; x64) AppleWebKit/537.36 (KHTML, like Gecko) Chrome/148.0.0.0 Safari/537.36 Edg/148.0.0.0',NULL,'2026-05-16 11:44:55','2026-05-16 11:44:55'),(196,'reading','Reading progress updated','App\\Models\\ArticleReadingProgress','updated',4,'App\\Models\\User',1,'{\"old\": {\"scroll_percentage\": 100}, \"attributes\": {\"scroll_percentage\": 20}}','127.0.0.1','Mozilla/5.0 (Windows NT 10.0; Win64; x64) AppleWebKit/537.36 (KHTML, like Gecko) Chrome/148.0.0.0 Safari/537.36 Edg/148.0.0.0',NULL,'2026-05-16 11:44:59','2026-05-16 11:44:59'),(197,'reading','Reading progress updated','App\\Models\\ArticleReadingProgress','updated',4,'App\\Models\\User',1,'{\"old\": {\"scroll_percentage\": 20}, \"attributes\": {\"scroll_percentage\": 50}}','127.0.0.1','Mozilla/5.0 (Windows NT 10.0; Win64; x64) AppleWebKit/537.36 (KHTML, like Gecko) Chrome/148.0.0.0 Safari/537.36 Edg/148.0.0.0',NULL,'2026-05-16 11:45:07','2026-05-16 11:45:07'),(198,'reading','Reading progress updated','App\\Models\\ArticleReadingProgress','updated',4,'App\\Models\\User',1,'{\"old\": {\"scroll_percentage\": 50}, \"attributes\": {\"scroll_percentage\": 80}}','127.0.0.1','Mozilla/5.0 (Windows NT 10.0; Win64; x64) AppleWebKit/537.36 (KHTML, like Gecko) Chrome/148.0.0.0 Safari/537.36 Edg/148.0.0.0',NULL,'2026-05-16 11:45:10','2026-05-16 11:45:10'),(199,'reading','Reading progress updated','App\\Models\\ArticleReadingProgress','updated',4,'App\\Models\\User',1,'{\"old\": {\"scroll_percentage\": 80}, \"attributes\": {\"scroll_percentage\": 50}}','127.0.0.1','Mozilla/5.0 (Windows NT 10.0; Win64; x64) AppleWebKit/537.36 (KHTML, like Gecko) Chrome/148.0.0.0 Safari/537.36 Edg/148.0.0.0',NULL,'2026-05-16 11:45:20','2026-05-16 11:45:20'),(200,'reading','Reading progress updated','App\\Models\\ArticleReadingProgress','updated',4,'App\\Models\\User',1,'{\"old\": {\"scroll_percentage\": 50}, \"attributes\": {\"scroll_percentage\": 40}}','127.0.0.1','Mozilla/5.0 (Windows NT 10.0; Win64; x64) AppleWebKit/537.36 (KHTML, like Gecko) Chrome/148.0.0.0 Safari/537.36 Edg/148.0.0.0',NULL,'2026-05-16 11:45:30','2026-05-16 11:45:30'),(201,'reading','Reading progress updated','App\\Models\\ArticleReadingProgress','updated',4,'App\\Models\\User',1,'{\"old\": {\"scroll_percentage\": 40}, \"attributes\": {\"scroll_percentage\": 50}}','127.0.0.1','Mozilla/5.0 (Windows NT 10.0; Win64; x64) AppleWebKit/537.36 (KHTML, like Gecko) Chrome/148.0.0.0 Safari/537.36 Edg/148.0.0.0',NULL,'2026-05-16 11:45:33','2026-05-16 11:45:33'),(202,'reading','Reading progress updated','App\\Models\\ArticleReadingProgress','updated',4,'App\\Models\\User',1,'{\"old\": {\"scroll_percentage\": 50}, \"attributes\": {\"scroll_percentage\": 60}}','127.0.0.1','Mozilla/5.0 (Windows NT 10.0; Win64; x64) AppleWebKit/537.36 (KHTML, like Gecko) Chrome/148.0.0.0 Safari/537.36 Edg/148.0.0.0',NULL,'2026-05-16 11:45:33','2026-05-16 11:45:33'),(203,'reading','Reading progress updated','App\\Models\\ArticleReadingProgress','updated',4,'App\\Models\\User',1,'{\"old\": {\"scroll_percentage\": 60}, \"attributes\": {\"scroll_percentage\": 50}}','127.0.0.1','Mozilla/5.0 (Windows NT 10.0; Win64; x64) AppleWebKit/537.36 (KHTML, like Gecko) Chrome/148.0.0.0 Safari/537.36 Edg/148.0.0.0',NULL,'2026-05-16 11:45:33','2026-05-16 11:45:33'),(204,'reading','Reading progress updated','App\\Models\\ArticleReadingProgress','updated',4,'App\\Models\\User',1,'{\"old\": {\"scroll_percentage\": 50}, \"attributes\": {\"scroll_percentage\": 10}}','127.0.0.1','Mozilla/5.0 (Windows NT 10.0; Win64; x64) AppleWebKit/537.36 (KHTML, like Gecko) Chrome/148.0.0.0 Safari/537.36 Edg/148.0.0.0',NULL,'2026-05-16 11:45:36','2026-05-16 11:45:36'),(205,'reading','Reading progress updated','App\\Models\\ArticleReadingProgress','updated',4,'App\\Models\\User',1,'{\"old\": {\"scroll_percentage\": 10}, \"attributes\": {\"scroll_percentage\": 0}}','127.0.0.1','Mozilla/5.0 (Windows NT 10.0; Win64; x64) AppleWebKit/537.36 (KHTML, like Gecko) Chrome/148.0.0.0 Safari/537.36 Edg/148.0.0.0',NULL,'2026-05-16 11:45:36','2026-05-16 11:45:36'),(206,'reading','Reading progress updated','App\\Models\\ArticleReadingProgress','updated',1,'App\\Models\\User',152,'{\"old\": {\"scroll_percentage\": 0}, \"attributes\": {\"scroll_percentage\": 30}}','127.0.0.1','Mozilla/5.0 (Windows NT 10.0; Win64; x64) AppleWebKit/537.36 (KHTML, like Gecko) Chrome/148.0.0.0 Safari/537.36',NULL,'2026-05-16 11:45:58','2026-05-16 11:45:58'),(207,'reading','Reading progress updated','App\\Models\\ArticleReadingProgress','updated',1,'App\\Models\\User',152,'{\"old\": {\"scroll_percentage\": 30}, \"attributes\": {\"scroll_percentage\": 50}}','127.0.0.1','Mozilla/5.0 (Windows NT 10.0; Win64; x64) AppleWebKit/537.36 (KHTML, like Gecko) Chrome/148.0.0.0 Safari/537.36',NULL,'2026-05-16 11:45:59','2026-05-16 11:45:59'),(208,'reading','Reading progress updated','App\\Models\\ArticleReadingProgress','updated',1,'App\\Models\\User',152,'{\"old\": {\"scroll_percentage\": 50}, \"attributes\": {\"scroll_percentage\": 60}}','127.0.0.1','Mozilla/5.0 (Windows NT 10.0; Win64; x64) AppleWebKit/537.36 (KHTML, like Gecko) Chrome/148.0.0.0 Safari/537.36',NULL,'2026-05-16 11:45:59','2026-05-16 11:45:59'),(209,'reading','Reading progress updated','App\\Models\\ArticleReadingProgress','updated',1,'App\\Models\\User',152,'{\"old\": {\"scroll_percentage\": 60}, \"attributes\": {\"scroll_percentage\": 80}}','127.0.0.1','Mozilla/5.0 (Windows NT 10.0; Win64; x64) AppleWebKit/537.36 (KHTML, like Gecko) Chrome/148.0.0.0 Safari/537.36',NULL,'2026-05-16 11:45:59','2026-05-16 11:45:59'),(210,'reading','Reading progress updated','App\\Models\\ArticleReadingProgress','updated',1,'App\\Models\\User',152,'{\"old\": {\"scroll_percentage\": 80}, \"attributes\": {\"scroll_percentage\": 100}}','127.0.0.1','Mozilla/5.0 (Windows NT 10.0; Win64; x64) AppleWebKit/537.36 (KHTML, like Gecko) Chrome/148.0.0.0 Safari/537.36',NULL,'2026-05-16 11:45:59','2026-05-16 11:45:59'),(211,'reading','Reading progress updated','App\\Models\\ArticleReadingProgress','updated',1,'App\\Models\\User',152,'{\"old\": {\"scroll_percentage\": 100}, \"attributes\": {\"scroll_percentage\": 80}}','127.0.0.1','Mozilla/5.0 (Windows NT 10.0; Win64; x64) AppleWebKit/537.36 (KHTML, like Gecko) Chrome/148.0.0.0 Safari/537.36',NULL,'2026-05-16 11:46:03','2026-05-16 11:46:03'),(212,'reading','Reading progress updated','App\\Models\\ArticleReadingProgress','updated',1,'App\\Models\\User',152,'{\"old\": {\"scroll_percentage\": 80}, \"attributes\": {\"scroll_percentage\": 50}}','127.0.0.1','Mozilla/5.0 (Windows NT 10.0; Win64; x64) AppleWebKit/537.36 (KHTML, like Gecko) Chrome/148.0.0.0 Safari/537.36',NULL,'2026-05-16 11:46:03','2026-05-16 11:46:03'),(213,'reading','Reading progress updated','App\\Models\\ArticleReadingProgress','updated',1,'App\\Models\\User',152,'{\"old\": {\"scroll_percentage\": 50}, \"attributes\": {\"scroll_percentage\": 0}}','127.0.0.1','Mozilla/5.0 (Windows NT 10.0; Win64; x64) AppleWebKit/537.36 (KHTML, like Gecko) Chrome/148.0.0.0 Safari/537.36',NULL,'2026-05-16 11:46:07','2026-05-16 11:46:07'),(214,'default','created','App\\Models\\Article','created',8,'App\\Models\\User',1,'{\"attributes\": {\"title\": \"Award-Winning Director Announces New Science Fiction FilmAward-Winning Director Announces New Science Fiction Film\", \"status\": \"draft\", \"category_id\": 5, \"is_breaking\": false, \"is_featured\": false, \"published_at\": null}}','127.0.0.1','Mozilla/5.0 (Windows NT 10.0; Win64; x64) AppleWebKit/537.36 (KHTML, like Gecko) Chrome/148.0.0.0 Safari/537.36 Edg/148.0.0.0',NULL,'2026-05-16 12:02:04','2026-05-16 12:02:04'),(215,'default','updated','App\\Models\\Article','updated',8,'App\\Models\\User',1,'{\"old\": {\"status\": \"draft\"}, \"attributes\": {\"status\": \"submitted\"}}','127.0.0.1','Mozilla/5.0 (Windows NT 10.0; Win64; x64) AppleWebKit/537.36 (KHTML, like Gecko) Chrome/148.0.0.0 Safari/537.36 Edg/148.0.0.0',NULL,'2026-05-16 12:02:18','2026-05-16 12:02:18'),(216,'default','updated','App\\Models\\Article','updated',8,'App\\Models\\User',1,'{\"old\": {\"status\": \"submitted\", \"published_at\": null}, \"attributes\": {\"status\": \"published\", \"published_at\": \"2026-05-16T18:02:43.000000Z\"}}','127.0.0.1','Mozilla/5.0 (Windows NT 10.0; Win64; x64) AppleWebKit/537.36 (KHTML, like Gecko) Chrome/148.0.0.0 Safari/537.36 Edg/148.0.0.0',NULL,'2026-05-16 12:02:43','2026-05-16 12:02:43'),(217,'visit','Visited article','App\\Models\\ArticleView','created',70,'App\\Models\\User',1,'{\"attributes\": {\"user_id\": 1, \"article_id\": 8}}','127.0.0.1','Mozilla/5.0 (Windows NT 10.0; Win64; x64) AppleWebKit/537.36 (KHTML, like Gecko) Chrome/148.0.0.0 Safari/537.36 Edg/148.0.0.0',NULL,'2026-05-16 12:05:32','2026-05-16 12:05:32'),(218,'reading','Started reading article','App\\Models\\ArticleReadingProgress','created',5,'App\\Models\\User',1,'{\"attributes\": {\"article_id\": 8, \"scroll_percentage\": 10}}','127.0.0.1','Mozilla/5.0 (Windows NT 10.0; Win64; x64) AppleWebKit/537.36 (KHTML, like Gecko) Chrome/148.0.0.0 Safari/537.36 Edg/148.0.0.0',NULL,'2026-05-16 12:05:35','2026-05-16 12:05:35'),(219,'reading','Reading progress updated','App\\Models\\ArticleReadingProgress','updated',5,'App\\Models\\User',1,'{\"old\": {\"scroll_percentage\": 10}, \"attributes\": {\"scroll_percentage\": 30}}','127.0.0.1','Mozilla/5.0 (Windows NT 10.0; Win64; x64) AppleWebKit/537.36 (KHTML, like Gecko) Chrome/148.0.0.0 Safari/537.36 Edg/148.0.0.0',NULL,'2026-05-16 12:05:36','2026-05-16 12:05:36'),(220,'reading','Reading progress updated','App\\Models\\ArticleReadingProgress','updated',5,'App\\Models\\User',1,'{\"old\": {\"scroll_percentage\": 30}, \"attributes\": {\"scroll_percentage\": 40}}','127.0.0.1','Mozilla/5.0 (Windows NT 10.0; Win64; x64) AppleWebKit/537.36 (KHTML, like Gecko) Chrome/148.0.0.0 Safari/537.36 Edg/148.0.0.0',NULL,'2026-05-16 12:05:36','2026-05-16 12:05:36'),(221,'reading','Reading progress updated','App\\Models\\ArticleReadingProgress','updated',5,'App\\Models\\User',1,'{\"old\": {\"scroll_percentage\": 40}, \"attributes\": {\"scroll_percentage\": 50}}','127.0.0.1','Mozilla/5.0 (Windows NT 10.0; Win64; x64) AppleWebKit/537.36 (KHTML, like Gecko) Chrome/148.0.0.0 Safari/537.36 Edg/148.0.0.0',NULL,'2026-05-16 12:05:36','2026-05-16 12:05:36'),(222,'reading','Reading progress updated','App\\Models\\ArticleReadingProgress','updated',5,'App\\Models\\User',1,'{\"old\": {\"scroll_percentage\": 50}, \"attributes\": {\"scroll_percentage\": 80}}','127.0.0.1','Mozilla/5.0 (Windows NT 10.0; Win64; x64) AppleWebKit/537.36 (KHTML, like Gecko) Chrome/148.0.0.0 Safari/537.36 Edg/148.0.0.0',NULL,'2026-05-16 12:05:37','2026-05-16 12:05:37'),(223,'reading','Reading progress updated','App\\Models\\ArticleReadingProgress','updated',5,'App\\Models\\User',1,'{\"old\": {\"scroll_percentage\": 80}, \"attributes\": {\"scroll_percentage\": 90}}','127.0.0.1','Mozilla/5.0 (Windows NT 10.0; Win64; x64) AppleWebKit/537.36 (KHTML, like Gecko) Chrome/148.0.0.0 Safari/537.36 Edg/148.0.0.0',NULL,'2026-05-16 12:05:37','2026-05-16 12:05:37'),(224,'visit','Visited article','App\\Models\\ArticleView','created',71,'App\\Models\\User',1,'{\"attributes\": {\"user_id\": 1, \"article_id\": 8}}','127.0.0.1','Mozilla/5.0 (Windows NT 10.0; Win64; x64) AppleWebKit/537.36 (KHTML, like Gecko) Chrome/148.0.0.0 Safari/537.36 Edg/148.0.0.0',NULL,'2026-05-16 12:08:24','2026-05-16 12:08:24'),(225,'visit','Visited article','App\\Models\\ArticleView','created',72,'App\\Models\\User',1,'{\"attributes\": {\"user_id\": 1, \"article_id\": 8}}','127.0.0.1','Mozilla/5.0 (Windows NT 10.0; Win64; x64) AppleWebKit/537.36 (KHTML, like Gecko) Chrome/148.0.0.0 Safari/537.36 Edg/148.0.0.0',NULL,'2026-05-16 12:17:53','2026-05-16 12:17:53'),(226,'default','updated','App\\Models\\Article','updated',8,'App\\Models\\User',1,'{\"old\": {\"is_breaking\": false, \"published_at\": \"2026-05-16T18:02:43.000000Z\"}, \"attributes\": {\"is_breaking\": true, \"published_at\": \"2026-05-16T18:02:00.000000Z\"}}','127.0.0.1','Mozilla/5.0 (Windows NT 10.0; Win64; x64) AppleWebKit/537.36 (KHTML, like Gecko) Chrome/148.0.0.0 Safari/537.36 Edg/148.0.0.0',NULL,'2026-05-16 12:31:01','2026-05-16 12:31:01'),(227,'visit','Visited article','App\\Models\\ArticleView','created',73,'App\\Models\\User',1,'{\"attributes\": {\"user_id\": 1, \"article_id\": 8}}','127.0.0.1','Mozilla/5.0 (Windows NT 10.0; Win64; x64) AppleWebKit/537.36 (KHTML, like Gecko) Chrome/148.0.0.0 Safari/537.36 Edg/148.0.0.0',NULL,'2026-05-16 12:32:11','2026-05-16 12:32:11'),(228,'reading','Reading progress updated','App\\Models\\ArticleReadingProgress','updated',5,'App\\Models\\User',1,'{\"old\": {\"scroll_percentage\": 90}, \"attributes\": {\"scroll_percentage\": 0}}','127.0.0.1','Mozilla/5.0 (Windows NT 10.0; Win64; x64) AppleWebKit/537.36 (KHTML, like Gecko) Chrome/148.0.0.0 Safari/537.36 Edg/148.0.0.0',NULL,'2026-05-16 12:32:15','2026-05-16 12:32:15'),(229,'reading','Reading progress updated','App\\Models\\ArticleReadingProgress','updated',5,'App\\Models\\User',1,'{\"old\": {\"scroll_percentage\": 0}, \"attributes\": {\"scroll_percentage\": 10}}','127.0.0.1','Mozilla/5.0 (Windows NT 10.0; Win64; x64) AppleWebKit/537.36 (KHTML, like Gecko) Chrome/148.0.0.0 Safari/537.36 Edg/148.0.0.0',NULL,'2026-05-16 12:32:16','2026-05-16 12:32:16'),(230,'reading','Reading progress updated','App\\Models\\ArticleReadingProgress','updated',5,'App\\Models\\User',1,'{\"old\": {\"scroll_percentage\": 10}, \"attributes\": {\"scroll_percentage\": 40}}','127.0.0.1','Mozilla/5.0 (Windows NT 10.0; Win64; x64) AppleWebKit/537.36 (KHTML, like Gecko) Chrome/148.0.0.0 Safari/537.36 Edg/148.0.0.0',NULL,'2026-05-16 12:32:17','2026-05-16 12:32:17'),(231,'default','created','App\\Models\\Reaction','created',12,'App\\Models\\User',1,'{\"attributes\": {\"type\": \"like\", \"reactable_id\": 8, \"reactable_type\": \"App\\\\Models\\\\Article\"}}','127.0.0.1','Mozilla/5.0 (Windows NT 10.0; Win64; x64) AppleWebKit/537.36 (KHTML, like Gecko) Chrome/148.0.0.0 Safari/537.36 Edg/148.0.0.0',NULL,'2026-05-16 12:32:20','2026-05-16 12:32:20'),(232,'reading','Reading progress updated','App\\Models\\ArticleReadingProgress','updated',5,'App\\Models\\User',1,'{\"old\": {\"scroll_percentage\": 40}, \"attributes\": {\"scroll_percentage\": 50}}','127.0.0.1','Mozilla/5.0 (Windows NT 10.0; Win64; x64) AppleWebKit/537.36 (KHTML, like Gecko) Chrome/148.0.0.0 Safari/537.36 Edg/148.0.0.0',NULL,'2026-05-16 12:32:22','2026-05-16 12:32:22'),(233,'reading','Reading progress updated','App\\Models\\ArticleReadingProgress','updated',5,'App\\Models\\User',1,'{\"old\": {\"scroll_percentage\": 50}, \"attributes\": {\"scroll_percentage\": 60}}','127.0.0.1','Mozilla/5.0 (Windows NT 10.0; Win64; x64) AppleWebKit/537.36 (KHTML, like Gecko) Chrome/148.0.0.0 Safari/537.36 Edg/148.0.0.0',NULL,'2026-05-16 12:32:23','2026-05-16 12:32:23'),(234,'reading','Reading progress updated','App\\Models\\ArticleReadingProgress','updated',5,'App\\Models\\User',1,'{\"old\": {\"scroll_percentage\": 60}, \"attributes\": {\"scroll_percentage\": 70}}','127.0.0.1','Mozilla/5.0 (Windows NT 10.0; Win64; x64) AppleWebKit/537.36 (KHTML, like Gecko) Chrome/148.0.0.0 Safari/537.36 Edg/148.0.0.0',NULL,'2026-05-16 12:32:24','2026-05-16 12:32:24'),(235,'reading','Reading progress updated','App\\Models\\ArticleReadingProgress','updated',5,'App\\Models\\User',1,'{\"old\": {\"scroll_percentage\": 70}, \"attributes\": {\"scroll_percentage\": 100}}','127.0.0.1','Mozilla/5.0 (Windows NT 10.0; Win64; x64) AppleWebKit/537.36 (KHTML, like Gecko) Chrome/148.0.0.0 Safari/537.36 Edg/148.0.0.0',NULL,'2026-05-16 12:32:24','2026-05-16 12:32:24'),(236,'reading','Reading progress updated','App\\Models\\ArticleReadingProgress','updated',5,'App\\Models\\User',1,'{\"old\": {\"scroll_percentage\": 100}, \"attributes\": {\"scroll_percentage\": 90}}','127.0.0.1','Mozilla/5.0 (Windows NT 10.0; Win64; x64) AppleWebKit/537.36 (KHTML, like Gecko) Chrome/148.0.0.0 Safari/537.36 Edg/148.0.0.0',NULL,'2026-05-16 12:32:34','2026-05-16 12:32:34'),(237,'reading','Reading progress updated','App\\Models\\ArticleReadingProgress','updated',5,'App\\Models\\User',1,'{\"old\": {\"scroll_percentage\": 90}, \"attributes\": {\"scroll_percentage\": 70}}','127.0.0.1','Mozilla/5.0 (Windows NT 10.0; Win64; x64) AppleWebKit/537.36 (KHTML, like Gecko) Chrome/148.0.0.0 Safari/537.36 Edg/148.0.0.0',NULL,'2026-05-16 12:32:35','2026-05-16 12:32:35'),(238,'reading','Reading progress updated','App\\Models\\ArticleReadingProgress','updated',5,'App\\Models\\User',1,'{\"old\": {\"scroll_percentage\": 70}, \"attributes\": {\"scroll_percentage\": 60}}','127.0.0.1','Mozilla/5.0 (Windows NT 10.0; Win64; x64) AppleWebKit/537.36 (KHTML, like Gecko) Chrome/148.0.0.0 Safari/537.36 Edg/148.0.0.0',NULL,'2026-05-16 12:32:35','2026-05-16 12:32:35'),(239,'reading','Reading progress updated','App\\Models\\ArticleReadingProgress','updated',5,'App\\Models\\User',1,'{\"old\": {\"scroll_percentage\": 60}, \"attributes\": {\"scroll_percentage\": 30}}','127.0.0.1','Mozilla/5.0 (Windows NT 10.0; Win64; x64) AppleWebKit/537.36 (KHTML, like Gecko) Chrome/148.0.0.0 Safari/537.36 Edg/148.0.0.0',NULL,'2026-05-16 12:32:36','2026-05-16 12:32:36'),(240,'reading','Reading progress updated','App\\Models\\ArticleReadingProgress','updated',5,'App\\Models\\User',1,'{\"old\": {\"scroll_percentage\": 30}, \"attributes\": {\"scroll_percentage\": 0}}','127.0.0.1','Mozilla/5.0 (Windows NT 10.0; Win64; x64) AppleWebKit/537.36 (KHTML, like Gecko) Chrome/148.0.0.0 Safari/537.36 Edg/148.0.0.0',NULL,'2026-05-16 12:32:37','2026-05-16 12:32:37'),(241,'reading','Reading progress updated','App\\Models\\ArticleReadingProgress','updated',5,'App\\Models\\User',1,'{\"old\": {\"scroll_percentage\": 0}, \"attributes\": {\"scroll_percentage\": 10}}','127.0.0.1','Mozilla/5.0 (Windows NT 10.0; Win64; x64) AppleWebKit/537.36 (KHTML, like Gecko) Chrome/148.0.0.0 Safari/537.36 Edg/148.0.0.0',NULL,'2026-05-16 12:33:12','2026-05-16 12:33:12'),(242,'reading','Reading progress updated','App\\Models\\ArticleReadingProgress','updated',5,'App\\Models\\User',1,'{\"old\": {\"scroll_percentage\": 10}, \"attributes\": {\"scroll_percentage\": 30}}','127.0.0.1','Mozilla/5.0 (Windows NT 10.0; Win64; x64) AppleWebKit/537.36 (KHTML, like Gecko) Chrome/148.0.0.0 Safari/537.36 Edg/148.0.0.0',NULL,'2026-05-16 12:33:13','2026-05-16 12:33:13'),(243,'reading','Reading progress updated','App\\Models\\ArticleReadingProgress','updated',5,'App\\Models\\User',1,'{\"old\": {\"scroll_percentage\": 30}, \"attributes\": {\"scroll_percentage\": 40}}','127.0.0.1','Mozilla/5.0 (Windows NT 10.0; Win64; x64) AppleWebKit/537.36 (KHTML, like Gecko) Chrome/148.0.0.0 Safari/537.36 Edg/148.0.0.0',NULL,'2026-05-16 12:33:13','2026-05-16 12:33:13'),(244,'reading','Reading progress updated','App\\Models\\ArticleReadingProgress','updated',5,'App\\Models\\User',1,'{\"old\": {\"scroll_percentage\": 40}, \"attributes\": {\"scroll_percentage\": 50}}','127.0.0.1','Mozilla/5.0 (Windows NT 10.0; Win64; x64) AppleWebKit/537.36 (KHTML, like Gecko) Chrome/148.0.0.0 Safari/537.36 Edg/148.0.0.0',NULL,'2026-05-16 12:33:13','2026-05-16 12:33:13'),(245,'reading','Reading progress updated','App\\Models\\ArticleReadingProgress','updated',5,'App\\Models\\User',1,'{\"old\": {\"scroll_percentage\": 50}, \"attributes\": {\"scroll_percentage\": 60}}','127.0.0.1','Mozilla/5.0 (Windows NT 10.0; Win64; x64) AppleWebKit/537.36 (KHTML, like Gecko) Chrome/148.0.0.0 Safari/537.36 Edg/148.0.0.0',NULL,'2026-05-16 12:33:13','2026-05-16 12:33:13'),(246,'reading','Reading progress updated','App\\Models\\ArticleReadingProgress','updated',5,'App\\Models\\User',1,'{\"old\": {\"scroll_percentage\": 60}, \"attributes\": {\"scroll_percentage\": 100}}','127.0.0.1','Mozilla/5.0 (Windows NT 10.0; Win64; x64) AppleWebKit/537.36 (KHTML, like Gecko) Chrome/148.0.0.0 Safari/537.36 Edg/148.0.0.0',NULL,'2026-05-16 12:33:14','2026-05-16 12:33:14'),(247,'reading','Reading progress updated','App\\Models\\ArticleReadingProgress','updated',5,'App\\Models\\User',1,'{\"old\": {\"scroll_percentage\": 100}, \"attributes\": {\"scroll_percentage\": 80}}','127.0.0.1','Mozilla/5.0 (Windows NT 10.0; Win64; x64) AppleWebKit/537.36 (KHTML, like Gecko) Chrome/148.0.0.0 Safari/537.36 Edg/148.0.0.0',NULL,'2026-05-16 12:33:14','2026-05-16 12:33:14'),(248,'reading','Reading progress updated','App\\Models\\ArticleReadingProgress','updated',5,'App\\Models\\User',1,'{\"old\": {\"scroll_percentage\": 80}, \"attributes\": {\"scroll_percentage\": 50}}','127.0.0.1','Mozilla/5.0 (Windows NT 10.0; Win64; x64) AppleWebKit/537.36 (KHTML, like Gecko) Chrome/148.0.0.0 Safari/537.36 Edg/148.0.0.0',NULL,'2026-05-16 12:33:14','2026-05-16 12:33:14'),(249,'reading','Reading progress updated','App\\Models\\ArticleReadingProgress','updated',5,'App\\Models\\User',1,'{\"old\": {\"scroll_percentage\": 50}, \"attributes\": {\"scroll_percentage\": 40}}','127.0.0.1','Mozilla/5.0 (Windows NT 10.0; Win64; x64) AppleWebKit/537.36 (KHTML, like Gecko) Chrome/148.0.0.0 Safari/537.36 Edg/148.0.0.0',NULL,'2026-05-16 12:33:15','2026-05-16 12:33:15'),(250,'reading','Reading progress updated','App\\Models\\ArticleReadingProgress','updated',5,'App\\Models\\User',1,'{\"old\": {\"scroll_percentage\": 40}, \"attributes\": {\"scroll_percentage\": 30}}','127.0.0.1','Mozilla/5.0 (Windows NT 10.0; Win64; x64) AppleWebKit/537.36 (KHTML, like Gecko) Chrome/148.0.0.0 Safari/537.36 Edg/148.0.0.0',NULL,'2026-05-16 12:33:15','2026-05-16 12:33:15'),(251,'default','updated','App\\Models\\Article','updated',7,'App\\Models\\User',1,'{\"old\": {\"is_featured\": true}, \"attributes\": {\"is_featured\": false}}','127.0.0.1','Mozilla/5.0 (Windows NT 10.0; Win64; x64) AppleWebKit/537.36 (KHTML, like Gecko) Chrome/148.0.0.0 Safari/537.36 Edg/148.0.0.0',NULL,'2026-05-16 12:33:49','2026-05-16 12:33:49'),(252,'default','updated','App\\Models\\Article','updated',6,'App\\Models\\User',1,'{\"old\": {\"is_breaking\": true, \"is_featured\": true, \"published_at\": \"2026-05-16T09:09:54.000000Z\"}, \"attributes\": {\"is_breaking\": false, \"is_featured\": false, \"published_at\": \"2026-05-16T09:09:00.000000Z\"}}','127.0.0.1','Mozilla/5.0 (Windows NT 10.0; Win64; x64) AppleWebKit/537.36 (KHTML, like Gecko) Chrome/148.0.0.0 Safari/537.36 Edg/148.0.0.0',NULL,'2026-05-16 12:34:17','2026-05-16 12:34:17'),(253,'default','updated','App\\Models\\Article','updated',8,'App\\Models\\User',1,'{\"old\": {\"is_featured\": false}, \"attributes\": {\"is_featured\": true}}','127.0.0.1','Mozilla/5.0 (Windows NT 10.0; Win64; x64) AppleWebKit/537.36 (KHTML, like Gecko) Chrome/148.0.0.0 Safari/537.36 Edg/148.0.0.0',NULL,'2026-05-16 12:34:34','2026-05-16 12:34:34'),(254,'default','updated','App\\Models\\Article','updated',8,'App\\Models\\User',1,'{\"old\": {\"title\": \"Award-Winning Director Announces New Science Fiction FilmAward-Winning Director Announces New Science Fiction Film\"}, \"attributes\": {\"title\": \"Award-Winning Director Announces New Science Fiction Film\"}}','127.0.0.1','Mozilla/5.0 (Windows NT 10.0; Win64; x64) AppleWebKit/537.36 (KHTML, like Gecko) Chrome/148.0.0.0 Safari/537.36 Edg/148.0.0.0',NULL,'2026-05-16 12:35:29','2026-05-16 12:35:29');
/*!40000 ALTER TABLE `activity_log` ENABLE KEYS */;
UNLOCK TABLES;

--
-- Table structure for table `article_drafts`
--

DROP TABLE IF EXISTS `article_drafts`;
/*!40101 SET @saved_cs_client     = @@character_set_client */;
/*!50503 SET character_set_client = utf8mb4 */;
CREATE TABLE `article_drafts` (
  `id` bigint unsigned NOT NULL AUTO_INCREMENT,
  `article_id` bigint unsigned NOT NULL,
  `user_id` bigint unsigned NOT NULL,
  `title` varchar(255) COLLATE utf8mb4_unicode_ci DEFAULT NULL,
  `excerpt` text COLLATE utf8mb4_unicode_ci,
  `content` longtext COLLATE utf8mb4_unicode_ci,
  `featured_image` varchar(255) COLLATE utf8mb4_unicode_ci DEFAULT NULL,
  `seo_metadata` json DEFAULT NULL,
  `created_at` timestamp NULL DEFAULT NULL,
  `updated_at` timestamp NULL DEFAULT NULL,
  PRIMARY KEY (`id`),
  UNIQUE KEY `article_drafts_article_id_user_id_unique` (`article_id`,`user_id`),
  KEY `article_drafts_user_id_foreign` (`user_id`),
  CONSTRAINT `article_drafts_article_id_foreign` FOREIGN KEY (`article_id`) REFERENCES `articles` (`id`) ON DELETE CASCADE,
  CONSTRAINT `article_drafts_user_id_foreign` FOREIGN KEY (`user_id`) REFERENCES `users` (`id`) ON DELETE CASCADE
) ENGINE=InnoDB AUTO_INCREMENT=3 DEFAULT CHARSET=utf8mb4 COLLATE=utf8mb4_unicode_ci;
/*!40101 SET character_set_client = @saved_cs_client */;

--
-- Dumping data for table `article_drafts`
--

LOCK TABLES `article_drafts` WRITE;
/*!40000 ALTER TABLE `article_drafts` DISABLE KEYS */;
INSERT INTO `article_drafts` VALUES (1,8,1,'Award-Winning Director Announces New Science Fiction FilmAward-Winning Director Announces New Science Fiction Film','The acclaimed filmmaker revealed plans for a new science fiction movie set to begin production later this year.','<p>Award-winning director Elena Brooks confirmed that her next project will be a large-scale science fiction film exploring the relationship between humans and artificial intelligence.</p><p>Production is expected to begin in late 2026, with casting announcements scheduled for the coming months.</p><p>Fans reacted positively on social media after the announcement, with many praising the director’s return to the genre that helped launch her career.</p><p>Studio executives believe the film could become one of the biggest releases of the year.</p>','articles/Mq1TzoTosRl40KGrgMlO4PRVWQLrDrU2nabqxOqK.jpg',NULL,'2026-05-16 12:02:45','2026-05-16 12:02:45'),(2,6,1,'Researchers Develop New Treatment Approach for Diabetes','Scientists say a new experimental treatment may improve blood sugar control for patients with Type 2 diabetes.','<p>Researchers at a leading medical institute have reported promising early results from a clinical trial involving a new diabetes treatment approach.</p><p>The therapy combines medication with personalized nutrition planning and digital monitoring tools to improve long-term blood sugar management.</p><p>Doctors involved in the study say patients experienced more stable glucose levels and fewer complications during the trial period.</p><p>Further testing is expected before the treatment becomes widely available to the public.</p>','articles/FUx2KuUf9gEiZvoyShK7v268Ae5c35K9RpbjgQYC.jpg',NULL,'2026-05-16 12:34:14','2026-05-16 12:34:14');
/*!40000 ALTER TABLE `article_drafts` ENABLE KEYS */;
UNLOCK TABLES;

--
-- Table structure for table `article_reading_progress`
--

DROP TABLE IF EXISTS `article_reading_progress`;
/*!40101 SET @saved_cs_client     = @@character_set_client */;
/*!50503 SET character_set_client = utf8mb4 */;
CREATE TABLE `article_reading_progress` (
  `id` bigint unsigned NOT NULL AUTO_INCREMENT,
  `user_id` bigint unsigned NOT NULL,
  `article_id` bigint unsigned NOT NULL,
  `scroll_percentage` int NOT NULL DEFAULT '0',
  `last_read_at` timestamp NOT NULL DEFAULT CURRENT_TIMESTAMP ON UPDATE CURRENT_TIMESTAMP,
  `created_at` timestamp NULL DEFAULT NULL,
  `updated_at` timestamp NULL DEFAULT NULL,
  PRIMARY KEY (`id`),
  UNIQUE KEY `article_reading_progress_user_id_article_id_unique` (`user_id`,`article_id`),
  KEY `article_reading_progress_article_id_foreign` (`article_id`),
  CONSTRAINT `article_reading_progress_article_id_foreign` FOREIGN KEY (`article_id`) REFERENCES `articles` (`id`) ON DELETE CASCADE,
  CONSTRAINT `article_reading_progress_user_id_foreign` FOREIGN KEY (`user_id`) REFERENCES `users` (`id`) ON DELETE CASCADE
) ENGINE=InnoDB AUTO_INCREMENT=6 DEFAULT CHARSET=utf8mb4 COLLATE=utf8mb4_unicode_ci;
/*!40101 SET character_set_client = @saved_cs_client */;

--
-- Dumping data for table `article_reading_progress`
--

LOCK TABLES `article_reading_progress` WRITE;
/*!40000 ALTER TABLE `article_reading_progress` DISABLE KEYS */;
INSERT INTO `article_reading_progress` VALUES (1,152,6,0,'2026-05-16 17:46:07','2026-05-16 06:07:47','2026-05-16 11:46:07'),(2,152,7,100,'2026-05-16 17:44:05','2026-05-16 06:12:58','2026-05-16 11:44:05'),(3,1,6,0,'2026-05-16 17:40:52','2026-05-16 07:25:48','2026-05-16 11:40:52'),(4,1,7,0,'2026-05-16 17:45:36','2026-05-16 11:38:47','2026-05-16 11:45:36'),(5,1,8,30,'2026-05-16 18:33:15','2026-05-16 12:05:35','2026-05-16 12:33:15');
/*!40000 ALTER TABLE `article_reading_progress` ENABLE KEYS */;
UNLOCK TABLES;

--
-- Table structure for table `article_tag`
--

DROP TABLE IF EXISTS `article_tag`;
/*!40101 SET @saved_cs_client     = @@character_set_client */;
/*!50503 SET character_set_client = utf8mb4 */;
CREATE TABLE `article_tag` (
  `id` bigint unsigned NOT NULL AUTO_INCREMENT,
  `article_id` bigint unsigned NOT NULL,
  `tag_id` bigint unsigned NOT NULL,
  `created_at` timestamp NULL DEFAULT NULL,
  `updated_at` timestamp NULL DEFAULT NULL,
  PRIMARY KEY (`id`),
  KEY `article_tag_article_id_foreign` (`article_id`),
  KEY `article_tag_tag_id_foreign` (`tag_id`),
  CONSTRAINT `article_tag_article_id_foreign` FOREIGN KEY (`article_id`) REFERENCES `articles` (`id`) ON DELETE CASCADE,
  CONSTRAINT `article_tag_tag_id_foreign` FOREIGN KEY (`tag_id`) REFERENCES `tags` (`id`) ON DELETE CASCADE
) ENGINE=InnoDB AUTO_INCREMENT=11 DEFAULT CHARSET=utf8mb4 COLLATE=utf8mb4_unicode_ci;
/*!40101 SET character_set_client = @saved_cs_client */;

--
-- Dumping data for table `article_tag`
--

LOCK TABLES `article_tag` WRITE;
/*!40000 ALTER TABLE `article_tag` DISABLE KEYS */;
INSERT INTO `article_tag` VALUES (7,7,2,NULL,NULL),(8,7,7,NULL,NULL),(9,8,6,NULL,NULL),(10,8,7,NULL,NULL);
/*!40000 ALTER TABLE `article_tag` ENABLE KEYS */;
UNLOCK TABLES;

--
-- Table structure for table `article_versions`
--

DROP TABLE IF EXISTS `article_versions`;
/*!40101 SET @saved_cs_client     = @@character_set_client */;
/*!50503 SET character_set_client = utf8mb4 */;
CREATE TABLE `article_versions` (
  `id` bigint unsigned NOT NULL AUTO_INCREMENT,
  `article_id` bigint unsigned NOT NULL,
  `version_number` int unsigned NOT NULL,
  `title` varchar(255) COLLATE utf8mb4_unicode_ci NOT NULL,
  `excerpt` text COLLATE utf8mb4_unicode_ci,
  `content` longtext COLLATE utf8mb4_unicode_ci NOT NULL,
  `featured_image` varchar(255) COLLATE utf8mb4_unicode_ci DEFAULT NULL,
  `seo_metadata` json DEFAULT NULL,
  `user_id` bigint unsigned DEFAULT NULL,
  `trigger_type` varchar(255) COLLATE utf8mb4_unicode_ci NOT NULL COMMENT 'auto, manual, submitted, approved, rejected, published',
  `created_at` timestamp NULL DEFAULT NULL,
  `updated_at` timestamp NULL DEFAULT NULL,
  PRIMARY KEY (`id`),
  UNIQUE KEY `article_versions_article_id_version_number_unique` (`article_id`,`version_number`),
  KEY `article_versions_user_id_foreign` (`user_id`),
  CONSTRAINT `article_versions_article_id_foreign` FOREIGN KEY (`article_id`) REFERENCES `articles` (`id`) ON DELETE CASCADE,
  CONSTRAINT `article_versions_user_id_foreign` FOREIGN KEY (`user_id`) REFERENCES `users` (`id`) ON DELETE SET NULL
) ENGINE=InnoDB AUTO_INCREMENT=11 DEFAULT CHARSET=utf8mb4 COLLATE=utf8mb4_unicode_ci;
/*!40101 SET character_set_client = @saved_cs_client */;

--
-- Dumping data for table `article_versions`
--

LOCK TABLES `article_versions` WRITE;
/*!40000 ALTER TABLE `article_versions` DISABLE KEYS */;
INSERT INTO `article_versions` VALUES (1,8,1,'Award-Winning Director Announces New Science Fiction FilmAward-Winning Director Announces New Science Fiction Film','The acclaimed filmmaker revealed plans for a new science fiction movie set to begin production later this year.','<p>Award-winning director Elena Brooks confirmed that her next project will be a large-scale science fiction film exploring the relationship between humans and artificial intelligence.</p><p>Production is expected to begin in late 2026, with casting announcements scheduled for the coming months.</p><p>Fans reacted positively on social media after the announcement, with many praising the director’s return to the genre that helped launch her career.</p><p>Studio executives believe the film could become one of the biggest releases of the year.</p>','articles/Ni5ccvkMyZiVeVVl1yssHVTRjRFMcU0fQYfDiqzt.jpg',NULL,1,'manual','2026-05-16 12:02:18','2026-05-16 12:02:18'),(2,8,2,'Award-Winning Director Announces New Science Fiction FilmAward-Winning Director Announces New Science Fiction Film','The acclaimed filmmaker revealed plans for a new science fiction movie set to begin production later this year.','<p>Award-winning director Elena Brooks confirmed that her next project will be a large-scale science fiction film exploring the relationship between humans and artificial intelligence.</p><p>Production is expected to begin in late 2026, with casting announcements scheduled for the coming months.</p><p>Fans reacted positively on social media after the announcement, with many praising the director’s return to the genre that helped launch her career.</p><p>Studio executives believe the film could become one of the biggest releases of the year.</p>','articles/Mq1TzoTosRl40KGrgMlO4PRVWQLrDrU2nabqxOqK.jpg',NULL,1,'manual','2026-05-16 12:02:43','2026-05-16 12:02:43'),(3,8,3,'Award-Winning Director Announces New Science Fiction FilmAward-Winning Director Announces New Science Fiction Film','The acclaimed filmmaker revealed plans for a new science fiction movie set to begin production later this year.','<p>Award-winning director Elena Brooks confirmed that her next project will be a large-scale science fiction film exploring the relationship between humans and artificial intelligence.</p><p>Production is expected to begin in late 2026, with casting announcements scheduled for the coming months.</p><p>Fans reacted positively on social media after the announcement, with many praising the director’s return to the genre that helped launch her career.</p><p>Studio executives believe the film could become one of the biggest releases of the year.</p>','articles/Mq1TzoTosRl40KGrgMlO4PRVWQLrDrU2nabqxOqK.jpg',NULL,1,'manual','2026-05-16 12:31:01','2026-05-16 12:31:01'),(4,8,4,'Award-Winning Director Announces New Science Fiction FilmAward-Winning Director Announces New Science Fiction Film','The acclaimed filmmaker revealed plans for a new science fiction movie set to begin production later this year.','<p>Award-winning director Elena Brooks confirmed that her next project will be a large-scale science fiction film exploring the relationship between humans and artificial intelligence.</p><p>Production is expected to begin in late 2026, with casting announcements scheduled for the coming months.</p><p>Fans reacted positively on social media after the announcement, with many praising the director’s return to the genre that helped launch her career.</p><p>Studio executives believe the film could become one of the biggest releases of the year.</p>','articles/Mq1TzoTosRl40KGrgMlO4PRVWQLrDrU2nabqxOqK.jpg',NULL,1,'manual','2026-05-16 12:31:21','2026-05-16 12:31:21'),(5,8,5,'Award-Winning Director Announces New Science Fiction FilmAward-Winning Director Announces New Science Fiction Film','The acclaimed filmmaker revealed plans for a new science fiction movie set to begin production later this year.','<p>Award-winning director Elena Brooks confirmed that her next project will be a large-scale science fiction film exploring the relationship between humans and artificial intelligence.</p><p>Production is expected to begin in late 2026, with casting announcements scheduled for the coming months.</p><p>Fans reacted positively on social media after the announcement, with many praising the director’s return to the genre that helped launch her career.</p><p>Studio executives believe the film could become one of the biggest releases of the year.</p>','articles/Mq1TzoTosRl40KGrgMlO4PRVWQLrDrU2nabqxOqK.jpg',NULL,1,'manual','2026-05-16 12:31:21','2026-05-16 12:31:21'),(6,8,6,'Award-Winning Director Announces New Science Fiction FilmAward-Winning Director Announces New Science Fiction Film','The acclaimed filmmaker revealed plans for a new science fiction movie set to begin production later this year.','<p>Award-winning director Elena Brooks confirmed that her next project will be a large-scale science fiction film exploring the relationship between humans and artificial intelligence.</p><p>Production is expected to begin in late 2026, with casting announcements scheduled for the coming months.</p><p>Fans reacted positively on social media after the announcement, with many praising the director’s return to the genre that helped launch her career.</p><p>Studio executives believe the film could become one of the biggest releases of the year.</p>','articles/Mq1TzoTosRl40KGrgMlO4PRVWQLrDrU2nabqxOqK.jpg',NULL,1,'manual','2026-05-16 12:31:49','2026-05-16 12:31:49'),(7,7,1,'Local Fashion Brand Expands Into International Markets','The growing fashion company plans to open stores in three new countries by the end of the year.','<p>Popular clothing brand Urban Thread announced plans to expand internationally following strong domestic sales growth over the past two years.</p><p>The company intends to launch retail locations in Singapore, the United Arab Emirates, and the United Kingdom before the holiday shopping season.</p><p>Executives say online demand from overseas customers played a major role in the decision to expand globally.</p><p>Retail analysts note that regional fashion brands are increasingly finding success through social media-driven marketing strategies.</p>','articles/wHa70EEoIy1sX3ZoejCpJGlDtyfcEoN8WYz7Ymb4.jpg',NULL,1,'manual','2026-05-16 12:33:49','2026-05-16 12:33:49'),(8,6,1,'Researchers Develop New Treatment Approach for Diabetes','Scientists say a new experimental treatment may improve blood sugar control for patients with Type 2 diabetes.','<p>Researchers at a leading medical institute have reported promising early results from a clinical trial involving a new diabetes treatment approach.</p><p>The therapy combines medication with personalized nutrition planning and digital monitoring tools to improve long-term blood sugar management.</p><p>Doctors involved in the study say patients experienced more stable glucose levels and fewer complications during the trial period.</p><p>Further testing is expected before the treatment becomes widely available to the public.</p>','articles/FUx2KuUf9gEiZvoyShK7v268Ae5c35K9RpbjgQYC.jpg',NULL,1,'manual','2026-05-16 12:34:17','2026-05-16 12:34:17'),(9,8,7,'Award-Winning Director Announces New Science Fiction FilmAward-Winning Director Announces New Science Fiction Film','The acclaimed filmmaker revealed plans for a new science fiction movie set to begin production later this year.','<p>Award-winning director Elena Brooks confirmed that her next project will be a large-scale science fiction film exploring the relationship between humans and artificial intelligence.</p><p>Production is expected to begin in late 2026, with casting announcements scheduled for the coming months.</p><p>Fans reacted positively on social media after the announcement, with many praising the director’s return to the genre that helped launch her career.</p><p>Studio executives believe the film could become one of the biggest releases of the year.</p>','articles/Mq1TzoTosRl40KGrgMlO4PRVWQLrDrU2nabqxOqK.jpg',NULL,1,'manual','2026-05-16 12:34:34','2026-05-16 12:34:34'),(10,8,8,'Award-Winning Director Announces New Science Fiction Film','The acclaimed filmmaker revealed plans for a new science fiction movie set to begin production later this year.','<p>Award-winning director Elena Brooks confirmed that her next project will be a large-scale science fiction film exploring the relationship between humans and artificial intelligence.</p><p>Production is expected to begin in late 2026, with casting announcements scheduled for the coming months.</p><p>Fans reacted positively on social media after the announcement, with many praising the director’s return to the genre that helped launch her career.</p><p>Studio executives believe the film could become one of the biggest releases of the year.</p>','articles/Mq1TzoTosRl40KGrgMlO4PRVWQLrDrU2nabqxOqK.jpg',NULL,1,'manual','2026-05-16 12:35:29','2026-05-16 12:35:29');
/*!40000 ALTER TABLE `article_versions` ENABLE KEYS */;
UNLOCK TABLES;

--
-- Table structure for table `article_views`
--

DROP TABLE IF EXISTS `article_views`;
/*!40101 SET @saved_cs_client     = @@character_set_client */;
/*!50503 SET character_set_client = utf8mb4 */;
CREATE TABLE `article_views` (
  `id` bigint unsigned NOT NULL AUTO_INCREMENT,
  `article_id` bigint unsigned NOT NULL,
  `user_id` bigint unsigned DEFAULT NULL,
  `ip_address` varchar(45) COLLATE utf8mb4_unicode_ci DEFAULT NULL,
  `user_agent` text COLLATE utf8mb4_unicode_ci,
  `referer` varchar(255) COLLATE utf8mb4_unicode_ci DEFAULT NULL,
  `viewed_at` timestamp NOT NULL DEFAULT CURRENT_TIMESTAMP,
  `created_at` timestamp NULL DEFAULT NULL,
  `updated_at` timestamp NULL DEFAULT NULL,
  PRIMARY KEY (`id`),
  KEY `article_views_user_id_foreign` (`user_id`),
  KEY `article_views_article_id_viewed_at_index` (`article_id`,`viewed_at`),
  KEY `article_views_viewed_at_index` (`viewed_at`),
  CONSTRAINT `article_views_article_id_foreign` FOREIGN KEY (`article_id`) REFERENCES `articles` (`id`) ON DELETE CASCADE,
  CONSTRAINT `article_views_user_id_foreign` FOREIGN KEY (`user_id`) REFERENCES `users` (`id`) ON DELETE SET NULL
) ENGINE=InnoDB AUTO_INCREMENT=74 DEFAULT CHARSET=utf8mb4 COLLATE=utf8mb4_unicode_ci;
/*!40101 SET character_set_client = @saved_cs_client */;

--
-- Dumping data for table `article_views`
--

LOCK TABLES `article_views` WRITE;
/*!40000 ALTER TABLE `article_views` DISABLE KEYS */;
INSERT INTO `article_views` VALUES (9,6,NULL,'127.0.0.1','Mozilla/5.0 (Windows NT 10.0; Win64; x64) AppleWebKit/537.36 (KHTML, like Gecko) Chrome/148.0.0.0 Safari/537.36 Edg/148.0.0.0','http://127.0.0.1:8000/','2026-05-16 03:11:12','2026-05-16 03:11:12','2026-05-16 03:11:12'),(10,7,NULL,'127.0.0.1','Mozilla/5.0 (Windows NT 10.0; Win64; x64) AppleWebKit/537.36 (KHTML, like Gecko) Chrome/148.0.0.0 Safari/537.36 Edg/148.0.0.0','http://127.0.0.1:8000/','2026-05-16 04:57:29','2026-05-16 04:57:29','2026-05-16 04:57:29'),(11,7,1,'127.0.0.1','Mozilla/5.0 (Windows NT 10.0; Win64; x64) AppleWebKit/537.36 (KHTML, like Gecko) Chrome/148.0.0.0 Safari/537.36 Edg/148.0.0.0','http://127.0.0.1:8000/','2026-05-16 05:02:23','2026-05-16 05:02:23','2026-05-16 05:02:23'),(12,6,1,'127.0.0.1','Mozilla/5.0 (Windows NT 10.0; Win64; x64) AppleWebKit/537.36 (KHTML, like Gecko) Chrome/148.0.0.0 Safari/537.36 Edg/148.0.0.0','http://127.0.0.1:8000/','2026-05-16 05:02:35','2026-05-16 05:02:35','2026-05-16 05:02:35'),(13,6,1,'127.0.0.1','Mozilla/5.0 (Windows NT 10.0; Win64; x64) AppleWebKit/537.36 (KHTML, like Gecko) Chrome/148.0.0.0 Safari/537.36 Edg/148.0.0.0','http://127.0.0.1:8000/article/researchers-develop-new-treatment-approach-for-diabetes','2026-05-16 05:10:37','2026-05-16 05:10:37','2026-05-16 05:10:37'),(14,6,1,'127.0.0.1','Mozilla/5.0 (Windows NT 10.0; Win64; x64) AppleWebKit/537.36 (KHTML, like Gecko) Chrome/148.0.0.0 Safari/537.36 Edg/148.0.0.0','http://127.0.0.1:8000/article/researchers-develop-new-treatment-approach-for-diabetes','2026-05-16 05:11:45','2026-05-16 05:11:45','2026-05-16 05:11:45'),(15,6,1,'127.0.0.1','Mozilla/5.0 (Windows NT 10.0; Win64; x64) AppleWebKit/537.36 (KHTML, like Gecko) Chrome/148.0.0.0 Safari/537.36 Edg/148.0.0.0','http://127.0.0.1:8000/article/researchers-develop-new-treatment-approach-for-diabetes','2026-05-16 05:13:51','2026-05-16 05:13:51','2026-05-16 05:13:51'),(16,7,1,'127.0.0.1','Mozilla/5.0 (Windows NT 10.0; Win64; x64) AppleWebKit/537.36 (KHTML, like Gecko) Chrome/148.0.0.0 Safari/537.36 Edg/148.0.0.0','http://127.0.0.1:8000/','2026-05-16 05:14:07','2026-05-16 05:14:07','2026-05-16 05:14:07'),(17,6,1,'127.0.0.1','Mozilla/5.0 (Windows NT 10.0; Win64; x64) AppleWebKit/537.36 (KHTML, like Gecko) Chrome/148.0.0.0 Safari/537.36 Edg/148.0.0.0','http://127.0.0.1:8000/','2026-05-16 05:15:02','2026-05-16 05:15:02','2026-05-16 05:15:02'),(18,7,NULL,'127.0.0.1','Mozilla/5.0 (Windows NT 10.0; Win64; x64) AppleWebKit/537.36 (KHTML, like Gecko) Chrome/148.0.0.0 Safari/537.36 Edg/148.0.0.0','http://127.0.0.1:8000/','2026-05-16 05:32:15','2026-05-16 05:32:15','2026-05-16 05:32:15'),(19,7,1,'127.0.0.1','Mozilla/5.0 (Windows NT 10.0; Win64; x64) AppleWebKit/537.36 (KHTML, like Gecko) Chrome/148.0.0.0 Safari/537.36 Edg/148.0.0.0','http://127.0.0.1:8000/','2026-05-16 05:33:28','2026-05-16 05:33:28','2026-05-16 05:33:28'),(20,7,NULL,'127.0.0.1','Mozilla/5.0 (Windows NT 10.0; Win64; x64) AppleWebKit/537.36 (KHTML, like Gecko) Chrome/148.0.0.0 Safari/537.36 Edg/148.0.0.0','http://127.0.0.1:8000/','2026-05-16 05:34:45','2026-05-16 05:34:45','2026-05-16 05:34:45'),(21,7,NULL,'127.0.0.1','Mozilla/5.0 (Windows NT 10.0; Win64; x64) AppleWebKit/537.36 (KHTML, like Gecko) Chrome/148.0.0.0 Safari/537.36 Edg/148.0.0.0','http://127.0.0.1:8000/','2026-05-16 05:36:20','2026-05-16 05:36:20','2026-05-16 05:36:20'),(22,7,1,'127.0.0.1','Mozilla/5.0 (Windows NT 10.0; Win64; x64) AppleWebKit/537.36 (KHTML, like Gecko) Chrome/148.0.0.0 Safari/537.36 Edg/148.0.0.0','http://127.0.0.1:8000/','2026-05-16 05:53:24','2026-05-16 05:53:24','2026-05-16 05:53:24'),(23,7,NULL,'127.0.0.1','Mozilla/5.0 (Windows NT 10.0; Win64; x64) AppleWebKit/537.36 (KHTML, like Gecko) Chrome/148.0.0.0 Safari/537.36 Edg/148.0.0.0','http://127.0.0.1:8000/','2026-05-16 06:03:51','2026-05-16 06:03:51','2026-05-16 06:03:51'),(24,6,152,'127.0.0.1','Mozilla/5.0 (Windows NT 10.0; Win64; x64) AppleWebKit/537.36 (KHTML, like Gecko) Chrome/148.0.0.0 Safari/537.36 Edg/148.0.0.0','http://127.0.0.1:8000/reader/dashboard','2026-05-16 06:07:43','2026-05-16 06:07:43','2026-05-16 06:07:43'),(25,7,152,'127.0.0.1','Mozilla/5.0 (Windows NT 10.0; Win64; x64) AppleWebKit/537.36 (KHTML, like Gecko) Chrome/148.0.0.0 Safari/537.36 Edg/148.0.0.0','http://127.0.0.1:8000/article/local-fashion-brand-expands-into-international-markets','2026-05-16 06:08:23','2026-05-16 06:08:23','2026-05-16 06:08:23'),(26,7,152,'127.0.0.1','Mozilla/5.0 (Windows NT 10.0; Win64; x64) AppleWebKit/537.36 (KHTML, like Gecko) Chrome/148.0.0.0 Safari/537.36 Edg/148.0.0.0','http://127.0.0.1:8000/article/local-fashion-brand-expands-into-international-markets','2026-05-16 06:11:00','2026-05-16 06:11:00','2026-05-16 06:11:00'),(27,6,152,'127.0.0.1','Mozilla/5.0 (Windows NT 10.0; Win64; x64) AppleWebKit/537.36 (KHTML, like Gecko) Chrome/148.0.0.0 Safari/537.36 Edg/148.0.0.0','http://127.0.0.1:8000/article/researchers-develop-new-treatment-approach-for-diabetes','2026-05-16 06:11:02','2026-05-16 06:11:02','2026-05-16 06:11:02'),(28,7,NULL,'127.0.0.1','Mozilla/5.0 (Windows NT 10.0; Win64; x64) AppleWebKit/537.36 (KHTML, like Gecko) Chrome/148.0.0.0 Safari/537.36','http://127.0.0.1:8000/article/local-fashion-brand-expands-into-international-markets','2026-05-16 06:12:11','2026-05-16 06:12:11','2026-05-16 06:12:11'),(29,6,152,'127.0.0.1','Mozilla/5.0 (Windows NT 10.0; Win64; x64) AppleWebKit/537.36 (KHTML, like Gecko) Chrome/148.0.0.0 Safari/537.36 Edg/148.0.0.0','http://127.0.0.1:8000/article/researchers-develop-new-treatment-approach-for-diabetes','2026-05-16 06:12:19','2026-05-16 06:12:19','2026-05-16 06:12:19'),(30,7,152,'127.0.0.1','Mozilla/5.0 (Windows NT 10.0; Win64; x64) AppleWebKit/537.36 (KHTML, like Gecko) Chrome/148.0.0.0 Safari/537.36 Edg/148.0.0.0','http://127.0.0.1:8000/','2026-05-16 06:13:19','2026-05-16 06:13:19','2026-05-16 06:13:19'),(31,7,NULL,'127.0.0.1','Mozilla/5.0 (Windows NT 10.0; Win64; x64) AppleWebKit/537.36 (KHTML, like Gecko) Chrome/148.0.0.0 Safari/537.36 Edg/148.0.0.0','http://127.0.0.1:8000/','2026-05-16 06:14:39','2026-05-16 06:14:39','2026-05-16 06:14:39'),(32,7,NULL,'127.0.0.1','Mozilla/5.0 (Windows NT 10.0; Win64; x64) AppleWebKit/537.36 (KHTML, like Gecko) Chrome/148.0.0.0 Safari/537.36 Edg/148.0.0.0','http://127.0.0.1:8000/article/local-fashion-brand-expands-into-international-markets','2026-05-16 06:16:08','2026-05-16 06:16:08','2026-05-16 06:16:08'),(33,6,NULL,'127.0.0.1','Mozilla/5.0 (Windows NT 10.0; Win64; x64) AppleWebKit/537.36 (KHTML, like Gecko) Chrome/148.0.0.0 Safari/537.36 Edg/148.0.0.0','http://127.0.0.1:8000/article/researchers-develop-new-treatment-approach-for-diabetes','2026-05-16 06:16:09','2026-05-16 06:16:09','2026-05-16 06:16:09'),(34,7,NULL,'127.0.0.1','Mozilla/5.0 (Windows NT 10.0; Win64; x64) AppleWebKit/537.36 (KHTML, like Gecko) Chrome/148.0.0.0 Safari/537.36','http://127.0.0.1:8000/article/local-fashion-brand-expands-into-international-markets','2026-05-16 06:17:47','2026-05-16 06:17:47','2026-05-16 06:17:47'),(35,6,NULL,'127.0.0.1','Mozilla/5.0 (Windows NT 10.0; Win64; x64) AppleWebKit/537.36 (KHTML, like Gecko) Chrome/148.0.0.0 Safari/537.36 Edg/148.0.0.0','http://127.0.0.1:8000/article/researchers-develop-new-treatment-approach-for-diabetes','2026-05-16 06:17:50','2026-05-16 06:17:50','2026-05-16 06:17:50'),(36,7,NULL,'127.0.0.1','Mozilla/5.0 (Windows NT 10.0; Win64; x64) AppleWebKit/537.36 (KHTML, like Gecko) Chrome/148.0.0.0 Safari/537.36','http://127.0.0.1:8000/article/local-fashion-brand-expands-into-international-markets','2026-05-16 06:20:04','2026-05-16 06:20:04','2026-05-16 06:20:04'),(37,7,NULL,'127.0.0.1','Mozilla/5.0 (Windows NT 10.0; Win64; x64) AppleWebKit/537.36 (KHTML, like Gecko) Chrome/148.0.0.0 Safari/537.36 Edg/148.0.0.0','http://127.0.0.1:8000/article/local-fashion-brand-expands-into-international-markets','2026-05-16 06:21:13','2026-05-16 06:21:13','2026-05-16 06:21:13'),(38,7,NULL,'127.0.0.1','Mozilla/5.0 (Windows NT 10.0; Win64; x64) AppleWebKit/537.36 (KHTML, like Gecko) Chrome/148.0.0.0 Safari/537.36 Edg/148.0.0.0','http://127.0.0.1:8000/article/local-fashion-brand-expands-into-international-markets','2026-05-16 06:22:57','2026-05-16 06:22:57','2026-05-16 06:22:57'),(39,7,NULL,'127.0.0.1','Mozilla/5.0 (Windows NT 10.0; Win64; x64) AppleWebKit/537.36 (KHTML, like Gecko) Chrome/148.0.0.0 Safari/537.36 Edg/148.0.0.0','http://127.0.0.1:8000/article/local-fashion-brand-expands-into-international-markets','2026-05-16 06:24:23','2026-05-16 06:24:23','2026-05-16 06:24:23'),(40,6,NULL,'127.0.0.1','Mozilla/5.0 (Windows NT 10.0; Win64; x64) AppleWebKit/537.36 (KHTML, like Gecko) Chrome/148.0.0.0 Safari/537.36 Edg/148.0.0.0','http://127.0.0.1:8000/article/researchers-develop-new-treatment-approach-for-diabetes','2026-05-16 06:25:09','2026-05-16 06:25:09','2026-05-16 06:25:09'),(41,7,NULL,'127.0.0.1','Mozilla/5.0 (Windows NT 10.0; Win64; x64) AppleWebKit/537.36 (KHTML, like Gecko) Chrome/148.0.0.0 Safari/537.36','http://127.0.0.1:8000/article/local-fashion-brand-expands-into-international-markets','2026-05-16 06:25:29','2026-05-16 06:25:29','2026-05-16 06:25:29'),(42,7,NULL,'127.0.0.1','Mozilla/5.0 (Windows NT 10.0; Win64; x64) AppleWebKit/537.36 (KHTML, like Gecko) Chrome/148.0.0.0 Safari/537.36','http://127.0.0.1:8000/','2026-05-16 06:26:50','2026-05-16 06:26:50','2026-05-16 06:26:50'),(43,6,NULL,'127.0.0.1','Mozilla/5.0 (Windows NT 10.0; Win64; x64) AppleWebKit/537.36 (KHTML, like Gecko) Chrome/148.0.0.0 Safari/537.36 Edg/148.0.0.0','http://127.0.0.1:8000/article/researchers-develop-new-treatment-approach-for-diabetes','2026-05-16 06:33:05','2026-05-16 06:33:05','2026-05-16 06:33:05'),(44,6,NULL,'127.0.0.1','Mozilla/5.0 (Windows NT 10.0; Win64; x64) AppleWebKit/537.36 (KHTML, like Gecko) Chrome/148.0.0.0 Safari/537.36 Edg/148.0.0.0','http://127.0.0.1:8000/article/researchers-develop-new-treatment-approach-for-diabetes','2026-05-16 06:56:01','2026-05-16 06:56:01','2026-05-16 06:56:01'),(45,6,NULL,'127.0.0.1','Mozilla/5.0 (Windows NT 10.0; Win64; x64) AppleWebKit/537.36 (KHTML, like Gecko) Chrome/148.0.0.0 Safari/537.36','http://127.0.0.1:8000/','2026-05-16 07:14:56','2026-05-16 07:14:56','2026-05-16 07:14:56'),(46,6,152,'127.0.0.1','Mozilla/5.0 (Windows NT 10.0; Win64; x64) AppleWebKit/537.36 (KHTML, like Gecko) Chrome/148.0.0.0 Safari/537.36 Edg/148.0.0.0','http://127.0.0.1:8000/reader/dashboard','2026-05-16 07:16:23','2026-05-16 07:16:23','2026-05-16 07:16:23'),(47,6,152,'127.0.0.1','Mozilla/5.0 (Windows NT 10.0; Win64; x64) AppleWebKit/537.36 (KHTML, like Gecko) Chrome/148.0.0.0 Safari/537.36 Edg/148.0.0.0','http://127.0.0.1:8000/article/researchers-develop-new-treatment-approach-for-diabetes','2026-05-16 07:18:18','2026-05-16 07:18:18','2026-05-16 07:18:18'),(48,6,152,'127.0.0.1','Mozilla/5.0 (Windows NT 10.0; Win64; x64) AppleWebKit/537.36 (KHTML, like Gecko) Chrome/148.0.0.0 Safari/537.36','http://127.0.0.1:8000/reader/dashboard','2026-05-16 07:25:00','2026-05-16 07:25:00','2026-05-16 07:25:00'),(49,6,152,'127.0.0.1','Mozilla/5.0 (Windows NT 10.0; Win64; x64) AppleWebKit/537.36 (KHTML, like Gecko) Chrome/148.0.0.0 Safari/537.36','http://127.0.0.1:8000/article/researchers-develop-new-treatment-approach-for-diabetes','2026-05-16 07:27:22','2026-05-16 07:27:22','2026-05-16 07:27:22'),(50,6,152,'127.0.0.1','Mozilla/5.0 (Windows NT 10.0; Win64; x64) AppleWebKit/537.36 (KHTML, like Gecko) Chrome/148.0.0.0 Safari/537.36','http://127.0.0.1:8000/article/researchers-develop-new-treatment-approach-for-diabetes','2026-05-16 07:35:54','2026-05-16 07:35:54','2026-05-16 07:35:54'),(51,6,152,'127.0.0.1','Mozilla/5.0 (Windows NT 10.0; Win64; x64) AppleWebKit/537.36 (KHTML, like Gecko) Chrome/148.0.0.0 Safari/537.36','http://127.0.0.1:8000/article/researchers-develop-new-treatment-approach-for-diabetes','2026-05-16 07:37:40','2026-05-16 07:37:40','2026-05-16 07:37:40'),(52,6,152,'127.0.0.1','Mozilla/5.0 (Windows NT 10.0; Win64; x64) AppleWebKit/537.36 (KHTML, like Gecko) Chrome/148.0.0.0 Safari/537.36','http://127.0.0.1:8000/article/researchers-develop-new-treatment-approach-for-diabetes','2026-05-16 07:40:38','2026-05-16 07:40:38','2026-05-16 07:40:38'),(53,6,152,'127.0.0.1','Mozilla/5.0 (Windows NT 10.0; Win64; x64) AppleWebKit/537.36 (KHTML, like Gecko) Chrome/148.0.0.0 Safari/537.36','http://127.0.0.1:8000/article/researchers-develop-new-treatment-approach-for-diabetes','2026-05-16 07:46:14','2026-05-16 07:46:14','2026-05-16 07:46:14'),(54,6,152,'127.0.0.1','Mozilla/5.0 (Windows NT 10.0; Win64; x64) AppleWebKit/537.36 (KHTML, like Gecko) Chrome/148.0.0.0 Safari/537.36','http://127.0.0.1:8000/article/researchers-develop-new-treatment-approach-for-diabetes','2026-05-16 07:57:30','2026-05-16 07:57:30','2026-05-16 07:57:30'),(55,6,152,'127.0.0.1','Mozilla/5.0 (Windows NT 10.0; Win64; x64) AppleWebKit/537.36 (KHTML, like Gecko) Chrome/148.0.0.0 Safari/537.36','http://127.0.0.1:8000/article/researchers-develop-new-treatment-approach-for-diabetes','2026-05-16 08:00:04','2026-05-16 08:00:04','2026-05-16 08:00:04'),(56,6,152,'127.0.0.1','Mozilla/5.0 (Windows NT 10.0; Win64; x64) AppleWebKit/537.36 (KHTML, like Gecko) Chrome/148.0.0.0 Safari/537.36','http://127.0.0.1:8000/article/researchers-develop-new-treatment-approach-for-diabetes','2026-05-16 08:03:08','2026-05-16 08:03:08','2026-05-16 08:03:08'),(57,6,152,'127.0.0.1','Mozilla/5.0 (Windows NT 10.0; Win64; x64) AppleWebKit/537.36 (KHTML, like Gecko) Chrome/148.0.0.0 Safari/537.36','http://127.0.0.1:8000/article/researchers-develop-new-treatment-approach-for-diabetes','2026-05-16 08:05:20','2026-05-16 08:05:20','2026-05-16 08:05:20'),(58,6,152,'127.0.0.1','Mozilla/5.0 (Windows NT 10.0; Win64; x64) AppleWebKit/537.36 (KHTML, like Gecko) Chrome/148.0.0.0 Safari/537.36','http://127.0.0.1:8000/article/researchers-develop-new-treatment-approach-for-diabetes','2026-05-16 08:07:00','2026-05-16 08:07:00','2026-05-16 08:07:00'),(59,6,152,'127.0.0.1','Mozilla/5.0 (Windows NT 10.0; Win64; x64) AppleWebKit/537.36 (KHTML, like Gecko) Chrome/148.0.0.0 Safari/537.36','http://127.0.0.1:8000/article/researchers-develop-new-treatment-approach-for-diabetes','2026-05-16 08:13:51','2026-05-16 08:13:51','2026-05-16 08:13:51'),(60,7,1,'127.0.0.1','Mozilla/5.0 (Windows NT 10.0; Win64; x64) AppleWebKit/537.36 (KHTML, like Gecko) Chrome/148.0.0.0 Safari/537.36 Edg/148.0.0.0','http://127.0.0.1:8000/','2026-05-16 11:36:51','2026-05-16 11:36:51','2026-05-16 11:36:51'),(61,7,1,'127.0.0.1','Mozilla/5.0 (Windows NT 10.0; Win64; x64) AppleWebKit/537.36 (KHTML, like Gecko) Chrome/148.0.0.0 Safari/537.36 Edg/148.0.0.0','http://127.0.0.1:8000/article/local-fashion-brand-expands-into-international-markets','2026-05-16 11:37:52','2026-05-16 11:37:52','2026-05-16 11:37:52'),(62,6,1,'127.0.0.1','Mozilla/5.0 (Windows NT 10.0; Win64; x64) AppleWebKit/537.36 (KHTML, like Gecko) Chrome/148.0.0.0 Safari/537.36 Edg/148.0.0.0','http://127.0.0.1:8000/','2026-05-16 11:38:57','2026-05-16 11:38:57','2026-05-16 11:38:57'),(63,7,1,'127.0.0.1','Mozilla/5.0 (Windows NT 10.0; Win64; x64) AppleWebKit/537.36 (KHTML, like Gecko) Chrome/148.0.0.0 Safari/537.36 Edg/148.0.0.0','http://127.0.0.1:8000/','2026-05-16 11:39:55','2026-05-16 11:39:55','2026-05-16 11:39:55'),(64,6,1,'127.0.0.1','Mozilla/5.0 (Windows NT 10.0; Win64; x64) AppleWebKit/537.36 (KHTML, like Gecko) Chrome/148.0.0.0 Safari/537.36 Edg/148.0.0.0','http://127.0.0.1:8000/admin/notifications','2026-05-16 11:40:31','2026-05-16 11:40:31','2026-05-16 11:40:31'),(65,7,1,'127.0.0.1','Mozilla/5.0 (Windows NT 10.0; Win64; x64) AppleWebKit/537.36 (KHTML, like Gecko) Chrome/148.0.0.0 Safari/537.36 Edg/148.0.0.0','http://127.0.0.1:8000/article/local-fashion-brand-expands-into-international-markets','2026-05-16 11:41:40','2026-05-16 11:41:40','2026-05-16 11:41:40'),(66,6,NULL,'127.0.0.1','Mozilla/5.0 (Windows NT 10.0; Win64; x64) AppleWebKit/537.36 (KHTML, like Gecko) Chrome/148.0.0.0 Safari/537.36','http://127.0.0.1:8000/article/researchers-develop-new-treatment-approach-for-diabetes','2026-05-16 11:42:35','2026-05-16 11:42:35','2026-05-16 11:42:35'),(67,7,152,'127.0.0.1','Mozilla/5.0 (Windows NT 10.0; Win64; x64) AppleWebKit/537.36 (KHTML, like Gecko) Chrome/148.0.0.0 Safari/537.36','http://127.0.0.1:8000/','2026-05-16 11:43:19','2026-05-16 11:43:19','2026-05-16 11:43:19'),(68,6,152,'127.0.0.1','Mozilla/5.0 (Windows NT 10.0; Win64; x64) AppleWebKit/537.36 (KHTML, like Gecko) Chrome/148.0.0.0 Safari/537.36','http://127.0.0.1:8000/reader/dashboard','2026-05-16 11:44:18','2026-05-16 11:44:18','2026-05-16 11:44:18'),(69,7,1,'127.0.0.1','Mozilla/5.0 (Windows NT 10.0; Win64; x64) AppleWebKit/537.36 (KHTML, like Gecko) Chrome/148.0.0.0 Safari/537.36 Edg/148.0.0.0','http://127.0.0.1:8000/admin/articles','2026-05-16 11:44:54','2026-05-16 11:44:54','2026-05-16 11:44:54'),(70,8,1,'127.0.0.1','Mozilla/5.0 (Windows NT 10.0; Win64; x64) AppleWebKit/537.36 (KHTML, like Gecko) Chrome/148.0.0.0 Safari/537.36 Edg/148.0.0.0','http://127.0.0.1:8000/','2026-05-16 12:05:32','2026-05-16 12:05:32','2026-05-16 12:05:32'),(71,8,1,'127.0.0.1','Mozilla/5.0 (Windows NT 10.0; Win64; x64) AppleWebKit/537.36 (KHTML, like Gecko) Chrome/148.0.0.0 Safari/537.36 Edg/148.0.0.0','http://127.0.0.1:8000/article/award-winning-director-announces-new-science-fiction-filmaward-winning-director-announces-new-science-fiction-film','2026-05-16 12:08:24','2026-05-16 12:08:24','2026-05-16 12:08:24'),(72,8,1,'127.0.0.1','Mozilla/5.0 (Windows NT 10.0; Win64; x64) AppleWebKit/537.36 (KHTML, like Gecko) Chrome/148.0.0.0 Safari/537.36 Edg/148.0.0.0','http://127.0.0.1:8000/article/award-winning-director-announces-new-science-fiction-filmaward-winning-director-announces-new-science-fiction-film','2026-05-16 12:17:53','2026-05-16 12:17:53','2026-05-16 12:17:53'),(73,8,1,'127.0.0.1','Mozilla/5.0 (Windows NT 10.0; Win64; x64) AppleWebKit/537.36 (KHTML, like Gecko) Chrome/148.0.0.0 Safari/537.36 Edg/148.0.0.0','http://127.0.0.1:8000/admin/articles','2026-05-16 12:32:11','2026-05-16 12:32:11','2026-05-16 12:32:11');
/*!40000 ALTER TABLE `article_views` ENABLE KEYS */;
UNLOCK TABLES;

--
-- Table structure for table `articles`
--

DROP TABLE IF EXISTS `articles`;
/*!40101 SET @saved_cs_client     = @@character_set_client */;
/*!50503 SET character_set_client = utf8mb4 */;
CREATE TABLE `articles` (
  `id` bigint unsigned NOT NULL AUTO_INCREMENT,
  `user_id` bigint unsigned NOT NULL,
  `category_id` bigint unsigned NOT NULL,
  `title` varchar(255) COLLATE utf8mb4_unicode_ci NOT NULL,
  `slug` varchar(255) COLLATE utf8mb4_unicode_ci NOT NULL,
  `content` longtext COLLATE utf8mb4_unicode_ci NOT NULL,
  `excerpt` text COLLATE utf8mb4_unicode_ci,
  `featured_image` varchar(255) COLLATE utf8mb4_unicode_ci DEFAULT NULL,
  `status` enum('draft','submitted','in_review','approved','published','scheduled','rejected','archived') COLLATE utf8mb4_unicode_ci NOT NULL DEFAULT 'draft',
  `is_featured` tinyint(1) NOT NULL DEFAULT '0',
  `is_breaking` tinyint(1) NOT NULL DEFAULT '0',
  `published_at` timestamp NULL DEFAULT NULL,
  `created_at` timestamp NULL DEFAULT NULL,
  `updated_at` timestamp NULL DEFAULT NULL,
  `editor_id` bigint unsigned DEFAULT NULL,
  `resubmitted_at` timestamp NULL DEFAULT NULL,
  PRIMARY KEY (`id`),
  UNIQUE KEY `articles_slug_unique` (`slug`),
  KEY `articles_user_id_foreign` (`user_id`),
  KEY `articles_category_id_foreign` (`category_id`),
  KEY `articles_status_published_at_index` (`status`,`published_at`),
  KEY `articles_is_featured_index` (`is_featured`),
  KEY `articles_is_breaking_index` (`is_breaking`),
  KEY `articles_editor_id_foreign` (`editor_id`),
  CONSTRAINT `articles_category_id_foreign` FOREIGN KEY (`category_id`) REFERENCES `categories` (`id`) ON DELETE CASCADE,
  CONSTRAINT `articles_editor_id_foreign` FOREIGN KEY (`editor_id`) REFERENCES `users` (`id`) ON DELETE SET NULL,
  CONSTRAINT `articles_user_id_foreign` FOREIGN KEY (`user_id`) REFERENCES `users` (`id`) ON DELETE CASCADE
) ENGINE=InnoDB AUTO_INCREMENT=9 DEFAULT CHARSET=utf8mb4 COLLATE=utf8mb4_unicode_ci;
/*!40101 SET character_set_client = @saved_cs_client */;

--
-- Dumping data for table `articles`
--

LOCK TABLES `articles` WRITE;
/*!40000 ALTER TABLE `articles` DISABLE KEYS */;
INSERT INTO `articles` VALUES (6,1,6,'Researchers Develop New Treatment Approach for Diabetes','researchers-develop-new-treatment-approach-for-diabetes','<p>Researchers at a leading medical institute have reported promising early results from a clinical trial involving a new diabetes treatment approach.</p><p>The therapy combines medication with personalized nutrition planning and digital monitoring tools to improve long-term blood sugar management.</p><p>Doctors involved in the study say patients experienced more stable glucose levels and fewer complications during the trial period.</p><p>Further testing is expected before the treatment becomes widely available to the public.</p>','Scientists say a new experimental treatment may improve blood sugar control for patients with Type 2 diabetes.','articles/FUx2KuUf9gEiZvoyShK7v268Ae5c35K9RpbjgQYC.jpg','published',0,0,'2026-05-16 03:09:00','2026-05-16 03:09:54','2026-05-16 12:34:17',NULL,NULL),(7,2,4,'Local Fashion Brand Expands Into International Markets','local-fashion-brand-expands-into-international-markets','<p>Popular clothing brand Urban Thread announced plans to expand internationally following strong domestic sales growth over the past two years.</p><p>The company intends to launch retail locations in Singapore, the United Arab Emirates, and the United Kingdom before the holiday shopping season.</p><p>Executives say online demand from overseas customers played a major role in the decision to expand globally.</p><p>Retail analysts note that regional fashion brands are increasingly finding success through social media-driven marketing strategies.</p>','The growing fashion company plans to open stores in three new countries by the end of the year.','articles/wHa70EEoIy1sX3ZoejCpJGlDtyfcEoN8WYz7Ymb4.jpg','published',0,0,'2026-05-16 04:55:00','2026-05-16 04:52:12','2026-05-16 12:33:49',NULL,NULL),(8,1,5,'Award-Winning Director Announces New Science Fiction Film','award-winning-director-announces-new-science-fiction-filmaward-winning-director-announces-new-science-fiction-film','<p>Award-winning director Elena Brooks confirmed that her next project will be a large-scale science fiction film exploring the relationship between humans and artificial intelligence.</p><p>Production is expected to begin in late 2026, with casting announcements scheduled for the coming months.</p><p>Fans reacted positively on social media after the announcement, with many praising the director’s return to the genre that helped launch her career.</p><p>Studio executives believe the film could become one of the biggest releases of the year.</p>','The acclaimed filmmaker revealed plans for a new science fiction movie set to begin production later this year.','articles/Mq1TzoTosRl40KGrgMlO4PRVWQLrDrU2nabqxOqK.jpg','published',1,1,'2026-05-16 12:02:00','2026-05-16 12:02:04','2026-05-16 12:35:29',NULL,NULL);
/*!40000 ALTER TABLE `articles` ENABLE KEYS */;
UNLOCK TABLES;

--
-- Table structure for table `cache`
--

DROP TABLE IF EXISTS `cache`;
/*!40101 SET @saved_cs_client     = @@character_set_client */;
/*!50503 SET character_set_client = utf8mb4 */;
CREATE TABLE `cache` (
  `key` varchar(255) COLLATE utf8mb4_unicode_ci NOT NULL,
  `value` mediumtext COLLATE utf8mb4_unicode_ci NOT NULL,
  `expiration` int NOT NULL,
  PRIMARY KEY (`key`),
  KEY `cache_expiration_index` (`expiration`)
) ENGINE=InnoDB DEFAULT CHARSET=utf8mb4 COLLATE=utf8mb4_unicode_ci;
/*!40101 SET character_set_client = @saved_cs_client */;

--
-- Dumping data for table `cache`
--

LOCK TABLES `cache` WRITE;
/*!40000 ALTER TABLE `cache` DISABLE KEYS */;
INSERT INTO `cache` VALUES ('today-morning-news-cache-356a192b7913b04c54574d18c28d46e6395428ab','i:1;',1778954543),('today-morning-news-cache-356a192b7913b04c54574d18c28d46e6395428ab:timer','i:1778954543;',1778954543),('today-morning-news-cache-spatie.permission.cache','a:3:{s:5:\"alias\";a:4:{s:1:\"a\";s:2:\"id\";s:1:\"b\";s:4:\"name\";s:1:\"c\";s:10:\"guard_name\";s:1:\"r\";s:5:\"roles\";}s:11:\"permissions\";a:19:{i:0;a:4:{s:1:\"a\";i:1;s:1:\"b\";s:17:\"manage categories\";s:1:\"c\";s:3:\"web\";s:1:\"r\";a:2:{i:0;i:1;i:1;i:2;}}i:1;a:4:{s:1:\"a\";i:7;s:1:\"b\";s:14:\"create article\";s:1:\"c\";s:3:\"web\";s:1:\"r\";a:3:{i:0;i:1;i:1;i:2;i:2;i:3;}}i:2;a:4:{s:1:\"a\";i:8;s:1:\"b\";s:16:\"edit own article\";s:1:\"c\";s:3:\"web\";s:1:\"r\";a:2:{i:0;i:1;i:1;i:3;}}i:3;a:4:{s:1:\"a\";i:9;s:1:\"b\";s:16:\"edit any article\";s:1:\"c\";s:3:\"web\";s:1:\"r\";a:2:{i:0;i:1;i:1;i:2;}}i:4;a:4:{s:1:\"a\";i:10;s:1:\"b\";s:14:\"delete article\";s:1:\"c\";s:3:\"web\";s:1:\"r\";a:1:{i:0;i:1;}}i:5;a:4:{s:1:\"a\";i:11;s:1:\"b\";s:15:\"publish article\";s:1:\"c\";s:3:\"web\";s:1:\"r\";a:2:{i:0;i:1;i:1;i:2;}}i:6;a:4:{s:1:\"a\";i:12;s:1:\"b\";s:15:\"approve article\";s:1:\"c\";s:3:\"web\";s:1:\"r\";a:2:{i:0;i:1;i:1;i:2;}}i:7;a:4:{s:1:\"a\";i:13;s:1:\"b\";s:14:\"reject article\";s:1:\"c\";s:3:\"web\";s:1:\"r\";a:2:{i:0;i:1;i:1;i:2;}}i:8;a:4:{s:1:\"a\";i:14;s:1:\"b\";s:20:\"toggle breaking news\";s:1:\"c\";s:3:\"web\";s:1:\"r\";a:2:{i:0;i:1;i:1;i:2;}}i:9;a:4:{s:1:\"a\";i:15;s:1:\"b\";s:12:\"upload media\";s:1:\"c\";s:3:\"web\";s:1:\"r\";a:3:{i:0;i:1;i:1;i:2;i:2;i:3;}}i:10;a:4:{s:1:\"a\";i:16;s:1:\"b\";s:12:\"manage users\";s:1:\"c\";s:3:\"web\";s:1:\"r\";a:1:{i:0;i:1;}}i:11;a:4:{s:1:\"a\";i:17;s:1:\"b\";s:12:\"assign roles\";s:1:\"c\";s:3:\"web\";s:1:\"r\";a:1:{i:0;i:1;}}i:12;a:4:{s:1:\"a\";i:18;s:1:\"b\";s:14:\"view analytics\";s:1:\"c\";s:3:\"web\";s:1:\"r\";a:3:{i:0;i:1;i:1;i:2;i:2;i:3;}}i:13;a:4:{s:1:\"a\";i:19;s:1:\"b\";s:17:\"moderate comments\";s:1:\"c\";s:3:\"web\";s:1:\"r\";a:3:{i:0;i:1;i:1;i:2;i:2;i:4;}}i:14;a:4:{s:1:\"a\";i:20;s:1:\"b\";s:15:\"manage homepage\";s:1:\"c\";s:3:\"web\";s:1:\"r\";a:1:{i:0;i:1;}}i:15;a:4:{s:1:\"a\";i:21;s:1:\"b\";s:10:\"manage ads\";s:1:\"c\";s:3:\"web\";s:1:\"r\";a:1:{i:0;i:1;}}i:16;a:4:{s:1:\"a\";i:22;s:1:\"b\";s:20:\"manage subscriptions\";s:1:\"c\";s:3:\"web\";s:1:\"r\";a:1:{i:0;i:1;}}i:17;a:4:{s:1:\"a\";i:23;s:1:\"b\";s:9:\"view logs\";s:1:\"c\";s:3:\"web\";s:1:\"r\";a:1:{i:0;i:1;}}i:18;a:4:{s:1:\"a\";i:24;s:1:\"b\";s:11:\"send alerts\";s:1:\"c\";s:3:\"web\";s:1:\"r\";a:1:{i:0;i:1;}}}s:5:\"roles\";a:4:{i:0;a:3:{s:1:\"a\";i:1;s:1:\"b\";s:5:\"Admin\";s:1:\"c\";s:3:\"web\";}i:1;a:3:{s:1:\"a\";i:2;s:1:\"b\";s:6:\"Editor\";s:1:\"c\";s:3:\"web\";}i:2;a:3:{s:1:\"a\";i:3;s:1:\"b\";s:10:\"Journalist\";s:1:\"c\";s:3:\"web\";}i:3;a:3:{s:1:\"a\";i:4;s:1:\"b\";s:9:\"Moderator\";s:1:\"c\";s:3:\"web\";}}}',1779022572);
/*!40000 ALTER TABLE `cache` ENABLE KEYS */;
UNLOCK TABLES;

--
-- Table structure for table `cache_locks`
--

DROP TABLE IF EXISTS `cache_locks`;
/*!40101 SET @saved_cs_client     = @@character_set_client */;
/*!50503 SET character_set_client = utf8mb4 */;
CREATE TABLE `cache_locks` (
  `key` varchar(255) COLLATE utf8mb4_unicode_ci NOT NULL,
  `owner` varchar(255) COLLATE utf8mb4_unicode_ci NOT NULL,
  `expiration` int NOT NULL,
  PRIMARY KEY (`key`),
  KEY `cache_locks_expiration_index` (`expiration`)
) ENGINE=InnoDB DEFAULT CHARSET=utf8mb4 COLLATE=utf8mb4_unicode_ci;
/*!40101 SET character_set_client = @saved_cs_client */;

--
-- Dumping data for table `cache_locks`
--

LOCK TABLES `cache_locks` WRITE;
/*!40000 ALTER TABLE `cache_locks` DISABLE KEYS */;
/*!40000 ALTER TABLE `cache_locks` ENABLE KEYS */;
UNLOCK TABLES;

--
-- Table structure for table `categories`
--

DROP TABLE IF EXISTS `categories`;
/*!40101 SET @saved_cs_client     = @@character_set_client */;
/*!50503 SET character_set_client = utf8mb4 */;
CREATE TABLE `categories` (
  `id` bigint unsigned NOT NULL AUTO_INCREMENT,
  `name` varchar(255) COLLATE utf8mb4_unicode_ci NOT NULL,
  `slug` varchar(255) COLLATE utf8mb4_unicode_ci NOT NULL,
  `description` text COLLATE utf8mb4_unicode_ci,
  `is_active` tinyint(1) NOT NULL DEFAULT '1',
  `created_at` timestamp NULL DEFAULT NULL,
  `updated_at` timestamp NULL DEFAULT NULL,
  PRIMARY KEY (`id`),
  UNIQUE KEY `categories_name_unique` (`name`),
  UNIQUE KEY `categories_slug_unique` (`slug`)
) ENGINE=InnoDB AUTO_INCREMENT=8 DEFAULT CHARSET=utf8mb4 COLLATE=utf8mb4_unicode_ci;
/*!40101 SET character_set_client = @saved_cs_client */;

--
-- Dumping data for table `categories`
--

LOCK TABLES `categories` WRITE;
/*!40000 ALTER TABLE `categories` DISABLE KEYS */;
INSERT INTO `categories` VALUES (1,'Politics','politics',NULL,1,'2026-05-15 16:29:39','2026-05-15 16:29:39'),(2,'Technology','technology',NULL,1,'2026-05-15 16:29:39','2026-05-15 16:29:39'),(3,'Sports','sports',NULL,1,'2026-05-15 16:29:39','2026-05-15 16:29:39'),(4,'Business','business',NULL,1,'2026-05-15 16:29:39','2026-05-15 16:29:39'),(5,'Entertainment','entertainment',NULL,1,'2026-05-15 16:29:39','2026-05-15 16:29:39'),(6,'Health','health',NULL,1,'2026-05-15 16:29:39','2026-05-15 16:29:39'),(7,'Science','science',NULL,1,'2026-05-15 16:29:39','2026-05-15 16:29:39');
/*!40000 ALTER TABLE `categories` ENABLE KEYS */;
UNLOCK TABLES;

--
-- Table structure for table `category_user`
--

DROP TABLE IF EXISTS `category_user`;
/*!40101 SET @saved_cs_client     = @@character_set_client */;
/*!50503 SET character_set_client = utf8mb4 */;
CREATE TABLE `category_user` (
  `id` bigint unsigned NOT NULL AUTO_INCREMENT,
  `user_id` bigint unsigned NOT NULL,
  `category_id` bigint unsigned NOT NULL,
  `created_at` timestamp NULL DEFAULT NULL,
  `updated_at` timestamp NULL DEFAULT NULL,
  PRIMARY KEY (`id`),
  UNIQUE KEY `category_user_user_id_category_id_unique` (`user_id`,`category_id`),
  KEY `category_user_category_id_foreign` (`category_id`),
  CONSTRAINT `category_user_category_id_foreign` FOREIGN KEY (`category_id`) REFERENCES `categories` (`id`) ON DELETE CASCADE,
  CONSTRAINT `category_user_user_id_foreign` FOREIGN KEY (`user_id`) REFERENCES `users` (`id`) ON DELETE CASCADE
) ENGINE=InnoDB DEFAULT CHARSET=utf8mb4 COLLATE=utf8mb4_unicode_ci;
/*!40101 SET character_set_client = @saved_cs_client */;

--
-- Dumping data for table `category_user`
--

LOCK TABLES `category_user` WRITE;
/*!40000 ALTER TABLE `category_user` DISABLE KEYS */;
/*!40000 ALTER TABLE `category_user` ENABLE KEYS */;
UNLOCK TABLES;

--
-- Table structure for table `comment_reports`
--

DROP TABLE IF EXISTS `comment_reports`;
/*!40101 SET @saved_cs_client     = @@character_set_client */;
/*!50503 SET character_set_client = utf8mb4 */;
CREATE TABLE `comment_reports` (
  `id` bigint unsigned NOT NULL AUTO_INCREMENT,
  `comment_id` bigint unsigned NOT NULL,
  `user_id` bigint unsigned NOT NULL,
  `reason` varchar(255) COLLATE utf8mb4_unicode_ci DEFAULT NULL,
  `created_at` timestamp NULL DEFAULT NULL,
  `updated_at` timestamp NULL DEFAULT NULL,
  PRIMARY KEY (`id`),
  UNIQUE KEY `comment_reports_comment_id_user_id_unique` (`comment_id`,`user_id`),
  KEY `comment_reports_user_id_foreign` (`user_id`),
  CONSTRAINT `comment_reports_comment_id_foreign` FOREIGN KEY (`comment_id`) REFERENCES `comments` (`id`) ON DELETE CASCADE,
  CONSTRAINT `comment_reports_user_id_foreign` FOREIGN KEY (`user_id`) REFERENCES `users` (`id`) ON DELETE CASCADE
) ENGINE=InnoDB DEFAULT CHARSET=utf8mb4 COLLATE=utf8mb4_unicode_ci;
/*!40101 SET character_set_client = @saved_cs_client */;

--
-- Dumping data for table `comment_reports`
--

LOCK TABLES `comment_reports` WRITE;
/*!40000 ALTER TABLE `comment_reports` DISABLE KEYS */;
/*!40000 ALTER TABLE `comment_reports` ENABLE KEYS */;
UNLOCK TABLES;

--
-- Table structure for table `comments`
--

DROP TABLE IF EXISTS `comments`;
/*!40101 SET @saved_cs_client     = @@character_set_client */;
/*!50503 SET character_set_client = utf8mb4 */;
CREATE TABLE `comments` (
  `id` bigint unsigned NOT NULL AUTO_INCREMENT,
  `article_id` bigint unsigned NOT NULL,
  `user_id` bigint unsigned NOT NULL,
  `parent_id` bigint unsigned DEFAULT NULL,
  `body` text COLLATE utf8mb4_unicode_ci NOT NULL,
  `created_at` timestamp NULL DEFAULT NULL,
  `updated_at` timestamp NULL DEFAULT NULL,
  `deleted_at` timestamp NULL DEFAULT NULL,
  PRIMARY KEY (`id`),
  KEY `comments_article_id_foreign` (`article_id`),
  KEY `comments_user_id_foreign` (`user_id`),
  KEY `comments_parent_id_foreign` (`parent_id`),
  CONSTRAINT `comments_article_id_foreign` FOREIGN KEY (`article_id`) REFERENCES `articles` (`id`) ON DELETE CASCADE,
  CONSTRAINT `comments_parent_id_foreign` FOREIGN KEY (`parent_id`) REFERENCES `comments` (`id`) ON DELETE CASCADE,
  CONSTRAINT `comments_user_id_foreign` FOREIGN KEY (`user_id`) REFERENCES `users` (`id`) ON DELETE CASCADE
) ENGINE=InnoDB AUTO_INCREMENT=8 DEFAULT CHARSET=utf8mb4 COLLATE=utf8mb4_unicode_ci;
/*!40101 SET character_set_client = @saved_cs_client */;

--
-- Dumping data for table `comments`
--

LOCK TABLES `comments` WRITE;
/*!40000 ALTER TABLE `comments` DISABLE KEYS */;
INSERT INTO `comments` VALUES (1,7,1,NULL,'Good Idea','2026-05-16 05:34:25','2026-05-16 05:34:25',NULL),(2,7,1,1,'Yes\n','2026-05-16 05:53:40','2026-05-16 05:53:40',NULL),(3,6,152,NULL,'Keep it respectful.','2026-05-16 06:08:10','2026-05-16 06:08:10',NULL),(4,7,152,1,'@AdminUser Yes','2026-05-16 06:13:39','2026-05-16 06:13:39',NULL),(5,7,152,NULL,' Good Idea     ','2026-05-16 06:13:54','2026-05-16 06:13:54',NULL),(6,6,152,NULL,'Keep it respectful. ','2026-05-16 07:17:02','2026-05-16 07:17:02',NULL),(7,6,152,NULL,'Please register to reply.','2026-05-16 07:25:20','2026-05-16 07:25:20',NULL);
/*!40000 ALTER TABLE `comments` ENABLE KEYS */;
UNLOCK TABLES;

--
-- Table structure for table `editorial_remarks`
--

DROP TABLE IF EXISTS `editorial_remarks`;
/*!40101 SET @saved_cs_client     = @@character_set_client */;
/*!50503 SET character_set_client = utf8mb4 */;
CREATE TABLE `editorial_remarks` (
  `id` bigint unsigned NOT NULL AUTO_INCREMENT,
  `article_id` bigint unsigned NOT NULL,
  `user_id` bigint unsigned NOT NULL,
  `remark` text COLLATE utf8mb4_unicode_ci NOT NULL,
  `created_at` timestamp NULL DEFAULT NULL,
  `updated_at` timestamp NULL DEFAULT NULL,
  PRIMARY KEY (`id`),
  KEY `editorial_remarks_article_id_foreign` (`article_id`),
  KEY `editorial_remarks_user_id_foreign` (`user_id`),
  CONSTRAINT `editorial_remarks_article_id_foreign` FOREIGN KEY (`article_id`) REFERENCES `articles` (`id`) ON DELETE CASCADE,
  CONSTRAINT `editorial_remarks_user_id_foreign` FOREIGN KEY (`user_id`) REFERENCES `users` (`id`) ON DELETE CASCADE
) ENGINE=InnoDB DEFAULT CHARSET=utf8mb4 COLLATE=utf8mb4_unicode_ci;
/*!40101 SET character_set_client = @saved_cs_client */;

--
-- Dumping data for table `editorial_remarks`
--

LOCK TABLES `editorial_remarks` WRITE;
/*!40000 ALTER TABLE `editorial_remarks` DISABLE KEYS */;
/*!40000 ALTER TABLE `editorial_remarks` ENABLE KEYS */;
UNLOCK TABLES;

--
-- Table structure for table `failed_jobs`
--

DROP TABLE IF EXISTS `failed_jobs`;
/*!40101 SET @saved_cs_client     = @@character_set_client */;
/*!50503 SET character_set_client = utf8mb4 */;
CREATE TABLE `failed_jobs` (
  `id` bigint unsigned NOT NULL AUTO_INCREMENT,
  `uuid` varchar(255) COLLATE utf8mb4_unicode_ci NOT NULL,
  `connection` text COLLATE utf8mb4_unicode_ci NOT NULL,
  `queue` text COLLATE utf8mb4_unicode_ci NOT NULL,
  `payload` longtext COLLATE utf8mb4_unicode_ci NOT NULL,
  `exception` longtext COLLATE utf8mb4_unicode_ci NOT NULL,
  `failed_at` timestamp NOT NULL DEFAULT CURRENT_TIMESTAMP,
  PRIMARY KEY (`id`),
  UNIQUE KEY `failed_jobs_uuid_unique` (`uuid`)
) ENGINE=InnoDB DEFAULT CHARSET=utf8mb4 COLLATE=utf8mb4_unicode_ci;
/*!40101 SET character_set_client = @saved_cs_client */;

--
-- Dumping data for table `failed_jobs`
--

LOCK TABLES `failed_jobs` WRITE;
/*!40000 ALTER TABLE `failed_jobs` DISABLE KEYS */;
/*!40000 ALTER TABLE `failed_jobs` ENABLE KEYS */;
UNLOCK TABLES;

--
-- Table structure for table `job_batches`
--

DROP TABLE IF EXISTS `job_batches`;
/*!40101 SET @saved_cs_client     = @@character_set_client */;
/*!50503 SET character_set_client = utf8mb4 */;
CREATE TABLE `job_batches` (
  `id` varchar(255) COLLATE utf8mb4_unicode_ci NOT NULL,
  `name` varchar(255) COLLATE utf8mb4_unicode_ci NOT NULL,
  `total_jobs` int NOT NULL,
  `pending_jobs` int NOT NULL,
  `failed_jobs` int NOT NULL,
  `failed_job_ids` longtext COLLATE utf8mb4_unicode_ci NOT NULL,
  `options` mediumtext COLLATE utf8mb4_unicode_ci,
  `cancelled_at` int DEFAULT NULL,
  `created_at` int NOT NULL,
  `finished_at` int DEFAULT NULL,
  PRIMARY KEY (`id`)
) ENGINE=InnoDB DEFAULT CHARSET=utf8mb4 COLLATE=utf8mb4_unicode_ci;
/*!40101 SET character_set_client = @saved_cs_client */;

--
-- Dumping data for table `job_batches`
--

LOCK TABLES `job_batches` WRITE;
/*!40000 ALTER TABLE `job_batches` DISABLE KEYS */;
/*!40000 ALTER TABLE `job_batches` ENABLE KEYS */;
UNLOCK TABLES;

--
-- Table structure for table `jobs`
--

DROP TABLE IF EXISTS `jobs`;
/*!40101 SET @saved_cs_client     = @@character_set_client */;
/*!50503 SET character_set_client = utf8mb4 */;
CREATE TABLE `jobs` (
  `id` bigint unsigned NOT NULL AUTO_INCREMENT,
  `queue` varchar(255) COLLATE utf8mb4_unicode_ci NOT NULL,
  `payload` longtext COLLATE utf8mb4_unicode_ci NOT NULL,
  `attempts` tinyint unsigned NOT NULL,
  `reserved_at` int unsigned DEFAULT NULL,
  `available_at` int unsigned NOT NULL,
  `created_at` int unsigned NOT NULL,
  PRIMARY KEY (`id`),
  KEY `jobs_queue_index` (`queue`)
) ENGINE=InnoDB AUTO_INCREMENT=5 DEFAULT CHARSET=utf8mb4 COLLATE=utf8mb4_unicode_ci;
/*!40101 SET character_set_client = @saved_cs_client */;

--
-- Dumping data for table `jobs`
--

LOCK TABLES `jobs` WRITE;
/*!40000 ALTER TABLE `jobs` DISABLE KEYS */;
INSERT INTO `jobs` VALUES (1,'default','{\"uuid\":\"2d269799-3f4b-468d-a580-9f59b270b640\",\"displayName\":\"App\\\\Listeners\\\\SendArticleNotification\",\"job\":\"Illuminate\\\\Queue\\\\CallQueuedHandler@call\",\"maxTries\":null,\"maxExceptions\":null,\"failOnTimeout\":false,\"backoff\":null,\"timeout\":null,\"retryUntil\":null,\"data\":{\"commandName\":\"Illuminate\\\\Events\\\\CallQueuedListener\",\"command\":\"O:36:\\\"Illuminate\\\\Events\\\\CallQueuedListener\\\":26:{s:5:\\\"class\\\";s:37:\\\"App\\\\Listeners\\\\SendArticleNotification\\\";s:6:\\\"method\\\";s:6:\\\"handle\\\";s:4:\\\"data\\\";a:1:{i:0;O:27:\\\"App\\\\Events\\\\ArticlePublished\\\":1:{s:7:\\\"article\\\";O:45:\\\"Illuminate\\\\Contracts\\\\Database\\\\ModelIdentifier\\\":5:{s:5:\\\"class\\\";s:18:\\\"App\\\\Models\\\\Article\\\";s:2:\\\"id\\\";i:8;s:9:\\\"relations\\\";a:0:{}s:10:\\\"connection\\\";s:5:\\\"mysql\\\";s:15:\\\"collectionClass\\\";N;}}}s:5:\\\"tries\\\";N;s:13:\\\"maxExceptions\\\";N;s:7:\\\"backoff\\\";N;s:10:\\\"retryUntil\\\";N;s:7:\\\"timeout\\\";N;s:13:\\\"failOnTimeout\\\";b:0;s:17:\\\"shouldBeEncrypted\\\";b:0;s:14:\\\"shouldBeUnique\\\";b:0;s:29:\\\"shouldBeUniqueUntilProcessing\\\";b:0;s:8:\\\"uniqueId\\\";N;s:9:\\\"uniqueFor\\\";N;s:3:\\\"job\\\";N;s:10:\\\"connection\\\";N;s:5:\\\"queue\\\";N;s:12:\\\"messageGroup\\\";N;s:12:\\\"deduplicator\\\";N;s:5:\\\"delay\\\";N;s:11:\\\"afterCommit\\\";N;s:10:\\\"middleware\\\";a:0:{}s:7:\\\"chained\\\";a:0:{}s:15:\\\"chainConnection\\\";N;s:10:\\\"chainQueue\\\";N;s:19:\\\"chainCatchCallbacks\\\";N;}\",\"batchId\":null},\"createdAt\":1778954563,\"delay\":null}',0,NULL,1778954563,1778954563),(2,'default','{\"uuid\":\"b2b23ec1-a921-401d-a3f7-972af75588ff\",\"displayName\":\"App\\\\Listeners\\\\SendArticleNotification\",\"job\":\"Illuminate\\\\Queue\\\\CallQueuedHandler@call\",\"maxTries\":null,\"maxExceptions\":null,\"failOnTimeout\":false,\"backoff\":null,\"timeout\":null,\"retryUntil\":null,\"data\":{\"commandName\":\"Illuminate\\\\Events\\\\CallQueuedListener\",\"command\":\"O:36:\\\"Illuminate\\\\Events\\\\CallQueuedListener\\\":26:{s:5:\\\"class\\\";s:37:\\\"App\\\\Listeners\\\\SendArticleNotification\\\";s:6:\\\"method\\\";s:6:\\\"handle\\\";s:4:\\\"data\\\";a:1:{i:0;O:27:\\\"App\\\\Events\\\\ArticlePublished\\\":1:{s:7:\\\"article\\\";O:45:\\\"Illuminate\\\\Contracts\\\\Database\\\\ModelIdentifier\\\":5:{s:5:\\\"class\\\";s:18:\\\"App\\\\Models\\\\Article\\\";s:2:\\\"id\\\";i:8;s:9:\\\"relations\\\";a:0:{}s:10:\\\"connection\\\";s:5:\\\"mysql\\\";s:15:\\\"collectionClass\\\";N;}}}s:5:\\\"tries\\\";N;s:13:\\\"maxExceptions\\\";N;s:7:\\\"backoff\\\";N;s:10:\\\"retryUntil\\\";N;s:7:\\\"timeout\\\";N;s:13:\\\"failOnTimeout\\\";b:0;s:17:\\\"shouldBeEncrypted\\\";b:0;s:14:\\\"shouldBeUnique\\\";b:0;s:29:\\\"shouldBeUniqueUntilProcessing\\\";b:0;s:8:\\\"uniqueId\\\";N;s:9:\\\"uniqueFor\\\";N;s:3:\\\"job\\\";N;s:10:\\\"connection\\\";N;s:5:\\\"queue\\\";N;s:12:\\\"messageGroup\\\";N;s:12:\\\"deduplicator\\\";N;s:5:\\\"delay\\\";N;s:11:\\\"afterCommit\\\";N;s:10:\\\"middleware\\\";a:0:{}s:7:\\\"chained\\\";a:0:{}s:15:\\\"chainConnection\\\";N;s:10:\\\"chainQueue\\\";N;s:19:\\\"chainCatchCallbacks\\\";N;}\",\"batchId\":null},\"createdAt\":1778954563,\"delay\":null}',0,NULL,1778954563,1778954563),(3,'default','{\"uuid\":\"e9786db6-e4e9-4354-a5c4-b8838a15ae19\",\"displayName\":\"Illuminate\\\\Notifications\\\\Events\\\\BroadcastNotificationCreated\",\"job\":\"Illuminate\\\\Queue\\\\CallQueuedHandler@call\",\"maxTries\":null,\"maxExceptions\":null,\"failOnTimeout\":false,\"backoff\":null,\"timeout\":null,\"retryUntil\":null,\"data\":{\"commandName\":\"Illuminate\\\\Broadcasting\\\\BroadcastEvent\",\"command\":\"O:38:\\\"Illuminate\\\\Broadcasting\\\\BroadcastEvent\\\":17:{s:5:\\\"event\\\";O:60:\\\"Illuminate\\\\Notifications\\\\Events\\\\BroadcastNotificationCreated\\\":3:{s:10:\\\"notifiable\\\";O:45:\\\"Illuminate\\\\Contracts\\\\Database\\\\ModelIdentifier\\\":5:{s:5:\\\"class\\\";s:15:\\\"App\\\\Models\\\\User\\\";s:2:\\\"id\\\";i:1;s:9:\\\"relations\\\";a:0:{}s:10:\\\"connection\\\";s:5:\\\"mysql\\\";s:15:\\\"collectionClass\\\";N;}s:12:\\\"notification\\\";O:43:\\\"App\\\\Notifications\\\\ArticleStatusNotification\\\":3:{s:10:\\\"\\u0000*\\u0000article\\\";O:45:\\\"Illuminate\\\\Contracts\\\\Database\\\\ModelIdentifier\\\":5:{s:5:\\\"class\\\";s:18:\\\"App\\\\Models\\\\Article\\\";s:2:\\\"id\\\";i:8;s:9:\\\"relations\\\";a:1:{i:0;s:6:\\\"author\\\";}s:10:\\\"connection\\\";s:5:\\\"mysql\\\";s:15:\\\"collectionClass\\\";N;}s:9:\\\"\\u0000*\\u0000status\\\";s:8:\\\"approved\\\";s:2:\\\"id\\\";s:36:\\\"4a740dcb-784b-4636-84d4-1e38b845115d\\\";}s:4:\\\"data\\\";a:8:{s:4:\\\"type\\\";s:14:\\\"article_status\\\";s:6:\\\"status\\\";s:8:\\\"approved\\\";s:10:\\\"article_id\\\";i:8;s:13:\\\"article_title\\\";s:114:\\\"Award-Winning Director Announces New Science Fiction FilmAward-Winning Director Announces New Science Fiction Film\\\";s:7:\\\"message\\\";s:29:\\\"Your article was approved ✅\\\";s:6:\\\"remark\\\";N;s:3:\\\"url\\\";s:144:\\\"http:\\/\\/127.0.0.1:8000\\/article\\/award-winning-director-announces-new-science-fiction-filmaward-winning-director-announces-new-science-fiction-film\\\";s:4:\\\"icon\\\";s:3:\\\"✅\\\";}}s:5:\\\"tries\\\";N;s:7:\\\"timeout\\\";N;s:7:\\\"backoff\\\";N;s:13:\\\"maxExceptions\\\";N;s:23:\\\"deleteWhenMissingModels\\\";b:1;s:10:\\\"connection\\\";N;s:5:\\\"queue\\\";N;s:12:\\\"messageGroup\\\";N;s:12:\\\"deduplicator\\\";N;s:5:\\\"delay\\\";N;s:11:\\\"afterCommit\\\";N;s:10:\\\"middleware\\\";a:0:{}s:7:\\\"chained\\\";a:0:{}s:15:\\\"chainConnection\\\";N;s:10:\\\"chainQueue\\\";N;s:19:\\\"chainCatchCallbacks\\\";N;}\",\"batchId\":null},\"createdAt\":1778954564,\"delay\":null}',0,NULL,1778954564,1778954564),(4,'default','{\"uuid\":\"619daeb9-aed6-4acd-8f31-94037206465b\",\"displayName\":\"Illuminate\\\\Notifications\\\\Events\\\\BroadcastNotificationCreated\",\"job\":\"Illuminate\\\\Queue\\\\CallQueuedHandler@call\",\"maxTries\":null,\"maxExceptions\":null,\"failOnTimeout\":false,\"backoff\":null,\"timeout\":null,\"retryUntil\":null,\"data\":{\"commandName\":\"Illuminate\\\\Broadcasting\\\\BroadcastEvent\",\"command\":\"O:38:\\\"Illuminate\\\\Broadcasting\\\\BroadcastEvent\\\":17:{s:5:\\\"event\\\";O:60:\\\"Illuminate\\\\Notifications\\\\Events\\\\BroadcastNotificationCreated\\\":3:{s:10:\\\"notifiable\\\";O:45:\\\"Illuminate\\\\Contracts\\\\Database\\\\ModelIdentifier\\\":5:{s:5:\\\"class\\\";s:15:\\\"App\\\\Models\\\\User\\\";s:2:\\\"id\\\";i:1;s:9:\\\"relations\\\";a:0:{}s:10:\\\"connection\\\";s:5:\\\"mysql\\\";s:15:\\\"collectionClass\\\";N;}s:12:\\\"notification\\\";O:43:\\\"App\\\\Notifications\\\\ArticleStatusNotification\\\":3:{s:10:\\\"\\u0000*\\u0000article\\\";O:45:\\\"Illuminate\\\\Contracts\\\\Database\\\\ModelIdentifier\\\":5:{s:5:\\\"class\\\";s:18:\\\"App\\\\Models\\\\Article\\\";s:2:\\\"id\\\";i:8;s:9:\\\"relations\\\";a:1:{i:0;s:6:\\\"author\\\";}s:10:\\\"connection\\\";s:5:\\\"mysql\\\";s:15:\\\"collectionClass\\\";N;}s:9:\\\"\\u0000*\\u0000status\\\";s:9:\\\"published\\\";s:2:\\\"id\\\";s:36:\\\"a0ef3080-6aa7-409d-aaff-7e8153d2c99a\\\";}s:4:\\\"data\\\";a:8:{s:4:\\\"type\\\";s:14:\\\"article_status\\\";s:6:\\\"status\\\";s:9:\\\"published\\\";s:10:\\\"article_id\\\";i:8;s:13:\\\"article_title\\\";s:114:\\\"Award-Winning Director Announces New Science Fiction FilmAward-Winning Director Announces New Science Fiction Film\\\";s:7:\\\"message\\\";s:31:\\\"Your article was published 🌐\\\";s:6:\\\"remark\\\";N;s:3:\\\"url\\\";s:144:\\\"http:\\/\\/127.0.0.1:8000\\/article\\/award-winning-director-announces-new-science-fiction-filmaward-winning-director-announces-new-science-fiction-film\\\";s:4:\\\"icon\\\";s:4:\\\"🌐\\\";}}s:5:\\\"tries\\\";N;s:7:\\\"timeout\\\";N;s:7:\\\"backoff\\\";N;s:13:\\\"maxExceptions\\\";N;s:23:\\\"deleteWhenMissingModels\\\";b:1;s:10:\\\"connection\\\";N;s:5:\\\"queue\\\";N;s:12:\\\"messageGroup\\\";N;s:12:\\\"deduplicator\\\";N;s:5:\\\"delay\\\";N;s:11:\\\"afterCommit\\\";N;s:10:\\\"middleware\\\";a:0:{}s:7:\\\"chained\\\";a:0:{}s:15:\\\"chainConnection\\\";N;s:10:\\\"chainQueue\\\";N;s:19:\\\"chainCatchCallbacks\\\";N;}\",\"batchId\":null},\"createdAt\":1778954564,\"delay\":null}',0,NULL,1778954564,1778954564);
/*!40000 ALTER TABLE `jobs` ENABLE KEYS */;
UNLOCK TABLES;

--
-- Table structure for table `migrations`
--

DROP TABLE IF EXISTS `migrations`;
/*!40101 SET @saved_cs_client     = @@character_set_client */;
/*!50503 SET character_set_client = utf8mb4 */;
CREATE TABLE `migrations` (
  `id` int unsigned NOT NULL AUTO_INCREMENT,
  `migration` varchar(255) COLLATE utf8mb4_unicode_ci NOT NULL,
  `batch` int NOT NULL,
  PRIMARY KEY (`id`)
) ENGINE=InnoDB AUTO_INCREMENT=31 DEFAULT CHARSET=utf8mb4 COLLATE=utf8mb4_unicode_ci;
/*!40101 SET character_set_client = @saved_cs_client */;

--
-- Dumping data for table `migrations`
--

LOCK TABLES `migrations` WRITE;
/*!40000 ALTER TABLE `migrations` DISABLE KEYS */;
INSERT INTO `migrations` VALUES (1,'0001_01_01_000000_create_users_table',1),(2,'0001_01_01_000001_create_cache_table',1),(3,'0001_01_01_000002_create_jobs_table',1),(4,'2026_05_15_182141_create_permission_tables',1),(5,'2026_05_15_184302_add_username_to_users_table',1),(6,'2026_05_15_185716_create_categories_table',1),(7,'2026_05_15_185830_create_articles_table',1),(8,'2026_05_15_185830_create_tags_table',1),(9,'2026_05_15_190056_create_article_tag_table',1),(10,'2026_05_15_192358_update_articles_status_enum',1),(11,'2026_05_15_192407_create_editorial_remarks_table',1),(12,'2026_05_15_214908_create_article_views_table',1),(13,'2026_05_15_220829_add_is_breaking_to_articles_table',1),(14,'2026_05_15_223045_add_indexes_to_tables',2),(15,'2026_05_16_094030_add_profile_fields_to_users_table',2),(16,'2026_05_16_094051_create_subscriptions_and_saved_articles_tables',2),(17,'2026_05_16_094209_update_article_statuses_matrix',2),(18,'2026_05_16_112145_create_reactions_table',3),(19,'2026_05_16_112146_create_comments_table',3),(20,'2026_05_16_112147_create_comment_reports_table',3),(21,'2026_05_16_120500_create_reader_engagement_tables',4),(22,'2026_05_16_121500_refine_reaction_indexes',5),(23,'2026_05_16_123901_create_activity_log_table',6),(24,'2026_05_16_123902_add_event_column_to_activity_log_table',6),(25,'2026_05_16_123903_add_batch_uuid_column_to_activity_log_table',6),(26,'2026_05_16_124746_add_extra_columns_to_activity_log_table',6),(27,'2026_05_16_125944_create_notifications_table',7),(28,'2026_05_16_130845_add_editor_id_to_articles_table',8),(29,'2026_05_16_141715_create_article_versions_table',9),(30,'2026_05_16_141732_create_article_drafts_table',9);
/*!40000 ALTER TABLE `migrations` ENABLE KEYS */;
UNLOCK TABLES;

--
-- Table structure for table `model_has_permissions`
--

DROP TABLE IF EXISTS `model_has_permissions`;
/*!40101 SET @saved_cs_client     = @@character_set_client */;
/*!50503 SET character_set_client = utf8mb4 */;
CREATE TABLE `model_has_permissions` (
  `permission_id` bigint unsigned NOT NULL,
  `model_type` varchar(255) COLLATE utf8mb4_unicode_ci NOT NULL,
  `model_id` bigint unsigned NOT NULL,
  PRIMARY KEY (`permission_id`,`model_id`,`model_type`),
  KEY `model_has_permissions_model_id_model_type_index` (`model_id`,`model_type`),
  CONSTRAINT `model_has_permissions_permission_id_foreign` FOREIGN KEY (`permission_id`) REFERENCES `permissions` (`id`) ON DELETE CASCADE
) ENGINE=InnoDB DEFAULT CHARSET=utf8mb4 COLLATE=utf8mb4_unicode_ci;
/*!40101 SET character_set_client = @saved_cs_client */;

--
-- Dumping data for table `model_has_permissions`
--

LOCK TABLES `model_has_permissions` WRITE;
/*!40000 ALTER TABLE `model_has_permissions` DISABLE KEYS */;
/*!40000 ALTER TABLE `model_has_permissions` ENABLE KEYS */;
UNLOCK TABLES;

--
-- Table structure for table `model_has_roles`
--

DROP TABLE IF EXISTS `model_has_roles`;
/*!40101 SET @saved_cs_client     = @@character_set_client */;
/*!50503 SET character_set_client = utf8mb4 */;
CREATE TABLE `model_has_roles` (
  `role_id` bigint unsigned NOT NULL,
  `model_type` varchar(255) COLLATE utf8mb4_unicode_ci NOT NULL,
  `model_id` bigint unsigned NOT NULL,
  PRIMARY KEY (`role_id`,`model_id`,`model_type`),
  KEY `model_has_roles_model_id_model_type_index` (`model_id`,`model_type`),
  CONSTRAINT `model_has_roles_role_id_foreign` FOREIGN KEY (`role_id`) REFERENCES `roles` (`id`) ON DELETE CASCADE
) ENGINE=InnoDB DEFAULT CHARSET=utf8mb4 COLLATE=utf8mb4_unicode_ci;
/*!40101 SET character_set_client = @saved_cs_client */;

--
-- Dumping data for table `model_has_roles`
--

LOCK TABLES `model_has_roles` WRITE;
/*!40000 ALTER TABLE `model_has_roles` DISABLE KEYS */;
INSERT INTO `model_has_roles` VALUES (1,'App\\Models\\User',1),(3,'App\\Models\\User',2),(3,'App\\Models\\User',3),(3,'App\\Models\\User',4),(3,'App\\Models\\User',5),(3,'App\\Models\\User',6),(2,'App\\Models\\User',7),(2,'App\\Models\\User',8),(5,'App\\Models\\User',9),(3,'App\\Models\\User',149),(5,'App\\Models\\User',152);
/*!40000 ALTER TABLE `model_has_roles` ENABLE KEYS */;
UNLOCK TABLES;

--
-- Table structure for table `notifications`
--

DROP TABLE IF EXISTS `notifications`;
/*!40101 SET @saved_cs_client     = @@character_set_client */;
/*!50503 SET character_set_client = utf8mb4 */;
CREATE TABLE `notifications` (
  `id` char(36) COLLATE utf8mb4_unicode_ci NOT NULL,
  `type` varchar(255) COLLATE utf8mb4_unicode_ci NOT NULL,
  `notifiable_type` varchar(255) COLLATE utf8mb4_unicode_ci NOT NULL,
  `notifiable_id` bigint unsigned NOT NULL,
  `data` text COLLATE utf8mb4_unicode_ci NOT NULL,
  `read_at` timestamp NULL DEFAULT NULL,
  `created_at` timestamp NULL DEFAULT NULL,
  `updated_at` timestamp NULL DEFAULT NULL,
  PRIMARY KEY (`id`),
  KEY `notifications_notifiable_type_notifiable_id_index` (`notifiable_type`,`notifiable_id`)
) ENGINE=InnoDB DEFAULT CHARSET=utf8mb4 COLLATE=utf8mb4_unicode_ci;
/*!40101 SET character_set_client = @saved_cs_client */;

--
-- Dumping data for table `notifications`
--

LOCK TABLES `notifications` WRITE;
/*!40000 ALTER TABLE `notifications` DISABLE KEYS */;
INSERT INTO `notifications` VALUES ('1a41e6e4-6082-40d1-85b8-b600ba79860d','App\\Notifications\\EditorialNotification','App\\Models\\User',7,'{\"type\":\"editorial\",\"editorial_type\":\"breaking_toggled\",\"article_id\":8,\"article_title\":\"Award-Winning Director Announces New Science Fiction FilmAward-Winning Director Announces New Science Fiction Film\",\"trigger_user_id\":1,\"trigger_user_name\":\"Admin User\",\"message\":\"Breaking news was toggled by admin\",\"url\":\"http:\\/\\/127.0.0.1:8000\\/article\\/award-winning-director-announces-new-science-fiction-filmaward-winning-director-announces-new-science-fiction-film\"}',NULL,'2026-05-16 12:31:02','2026-05-16 12:31:02'),('3cc72ea7-4a02-49d3-9e36-8e4d407a5f82','App\\Notifications\\ArticleEngagementNotification','App\\Models\\User',1,'{\"type\":\"engagement\",\"engagement_type\":\"reaction\",\"article_id\":6,\"article_title\":\"Researchers Develop New Treatment Approach for Diabetes\",\"trigger_user_id\":152,\"trigger_user_name\":\"Ovi Raj\",\"extra\":{\"reaction_type\":\"love\"},\"message\":\"Someone reacted to your article\",\"url\":\"http:\\/\\/127.0.0.1:8000\\/article\\/researchers-develop-new-treatment-approach-for-diabetes\"}','2026-05-16 11:40:47','2026-05-16 07:25:09','2026-05-16 11:40:47'),('4a740dcb-784b-4636-84d4-1e38b845115d','App\\Notifications\\ArticleStatusNotification','App\\Models\\User',1,'{\"type\":\"article_status\",\"status\":\"approved\",\"article_id\":8,\"article_title\":\"Award-Winning Director Announces New Science Fiction FilmAward-Winning Director Announces New Science Fiction Film\",\"message\":\"Your article was approved \\u2705\",\"remark\":null,\"url\":\"http:\\/\\/127.0.0.1:8000\\/article\\/award-winning-director-announces-new-science-fiction-filmaward-winning-director-announces-new-science-fiction-film\",\"icon\":\"\\u2705\"}','2026-05-16 12:05:17','2026-05-16 12:02:43','2026-05-16 12:05:17'),('4ec1e89d-8d5c-4338-a03e-71499dd9e514','App\\Notifications\\EditorialNotification','App\\Models\\User',1,'{\"type\":\"editorial\",\"editorial_type\":\"breaking_toggled\",\"article_id\":8,\"article_title\":\"Award-Winning Director Announces New Science Fiction FilmAward-Winning Director Announces New Science Fiction Film\",\"trigger_user_id\":1,\"trigger_user_name\":\"Admin User\",\"message\":\"Breaking news was toggled by admin\",\"url\":\"http:\\/\\/127.0.0.1:8000\\/article\\/award-winning-director-announces-new-science-fiction-filmaward-winning-director-announces-new-science-fiction-film\"}','2026-05-16 12:32:10','2026-05-16 12:31:02','2026-05-16 12:32:10'),('81a1e395-0b8b-48fa-b712-dc35daa86e0f','App\\Notifications\\ArticleEngagementNotification','App\\Models\\User',2,'{\"type\":\"engagement\",\"engagement_type\":\"reaction\",\"article_id\":7,\"article_title\":\"Local Fashion Brand Expands Into International Markets\",\"trigger_user_id\":152,\"trigger_user_name\":\"Ovi Raj\",\"extra\":{\"reaction_type\":\"like\"},\"message\":\"Someone reacted to your article\",\"url\":\"http:\\/\\/127.0.0.1:8000\\/article\\/local-fashion-brand-expands-into-international-markets\"}',NULL,'2026-05-16 11:43:30','2026-05-16 11:43:30'),('9d5c0dd2-69cd-4b4d-96b9-72599c255f7d','App\\Notifications\\ArticleEngagementNotification','App\\Models\\User',1,'{\"type\":\"engagement\",\"engagement_type\":\"comment\",\"article_id\":6,\"article_title\":\"Researchers Develop New Treatment Approach for Diabetes\",\"trigger_user_id\":152,\"trigger_user_name\":\"Ovi Raj\",\"extra\":{\"comment_id\":7},\"message\":\"Someone commented on your article\",\"url\":\"http:\\/\\/127.0.0.1:8000\\/article\\/researchers-develop-new-treatment-approach-for-diabetes\"}','2026-05-16 07:28:17','2026-05-16 07:25:20','2026-05-16 07:28:17'),('a0ef3080-6aa7-409d-aaff-7e8153d2c99a','App\\Notifications\\ArticleStatusNotification','App\\Models\\User',1,'{\"type\":\"article_status\",\"status\":\"published\",\"article_id\":8,\"article_title\":\"Award-Winning Director Announces New Science Fiction FilmAward-Winning Director Announces New Science Fiction Film\",\"message\":\"Your article was published \\ud83c\\udf10\",\"remark\":null,\"url\":\"http:\\/\\/127.0.0.1:8000\\/article\\/award-winning-director-announces-new-science-fiction-filmaward-winning-director-announces-new-science-fiction-film\",\"icon\":\"\\ud83c\\udf10\"}','2026-05-16 12:05:17','2026-05-16 12:02:44','2026-05-16 12:05:17'),('ac403862-35df-4519-9f25-119d00ed7fcb','App\\Notifications\\EditorialNotification','App\\Models\\User',8,'{\"type\":\"editorial\",\"editorial_type\":\"breaking_toggled\",\"article_id\":8,\"article_title\":\"Award-Winning Director Announces New Science Fiction FilmAward-Winning Director Announces New Science Fiction Film\",\"trigger_user_id\":1,\"trigger_user_name\":\"Admin User\",\"message\":\"Breaking news was toggled by admin\",\"url\":\"http:\\/\\/127.0.0.1:8000\\/article\\/award-winning-director-announces-new-science-fiction-filmaward-winning-director-announces-new-science-fiction-film\"}',NULL,'2026-05-16 12:31:02','2026-05-16 12:31:02'),('b38e947f-0565-4a08-bca0-675e25996638','App\\Notifications\\EditorialNotification','App\\Models\\User',8,'{\"type\":\"editorial\",\"editorial_type\":\"submitted\",\"article_id\":8,\"article_title\":\"Award-Winning Director Announces New Science Fiction FilmAward-Winning Director Announces New Science Fiction Film\",\"trigger_user_id\":1,\"trigger_user_name\":\"Admin User\",\"message\":\"New article submitted for review\",\"url\":\"http:\\/\\/127.0.0.1:8000\\/article\\/award-winning-director-announces-new-science-fiction-filmaward-winning-director-announces-new-science-fiction-film\"}',NULL,'2026-05-16 12:02:27','2026-05-16 12:02:27'),('b4d774ae-7c2e-422f-a912-1ee70f70eca5','App\\Notifications\\EditorialNotification','App\\Models\\User',7,'{\"type\":\"editorial\",\"editorial_type\":\"submitted\",\"article_id\":8,\"article_title\":\"Award-Winning Director Announces New Science Fiction FilmAward-Winning Director Announces New Science Fiction Film\",\"trigger_user_id\":1,\"trigger_user_name\":\"Admin User\",\"message\":\"New article submitted for review\",\"url\":\"http:\\/\\/127.0.0.1:8000\\/article\\/award-winning-director-announces-new-science-fiction-filmaward-winning-director-announces-new-science-fiction-film\"}',NULL,'2026-05-16 12:02:27','2026-05-16 12:02:27'),('c2ed0438-d6bc-46fe-a45f-f90c7fe83195','App\\Notifications\\ReaderAlertNotification','App\\Models\\User',1,'{\"type\":\"reader\",\"reader_type\":\"reaction\",\"trigger_user_id\":152,\"trigger_user_name\":\"Ovi Raj\",\"message\":\"Someone reacted to your comment\",\"data\":{\"comment_id\":2,\"article_title\":\"Local Fashion Brand Expands Into International Markets\",\"reaction_type\":\"like\",\"url\":\"http:\\/\\/127.0.0.1:8000\\/article\\/local-fashion-brand-expands-into-international-markets\"},\"url\":\"http:\\/\\/127.0.0.1:8000\\/article\\/local-fashion-brand-expands-into-international-markets\"}','2026-05-16 11:44:53','2026-05-16 11:43:41','2026-05-16 11:44:53'),('e7d426a5-bed6-4f1c-b8bb-bc2a3c11a150','App\\Notifications\\ReaderAlertNotification','App\\Models\\User',1,'{\"type\":\"reader\",\"reader_type\":\"reaction\",\"trigger_user_id\":152,\"trigger_user_name\":\"Ovi Raj\",\"message\":\"Someone reacted to your comment\",\"data\":{\"comment_id\":1,\"article_title\":\"Local Fashion Brand Expands Into International Markets\",\"reaction_type\":\"like\",\"url\":\"http:\\/\\/127.0.0.1:8000\\/article\\/local-fashion-brand-expands-into-international-markets\"},\"url\":\"http:\\/\\/127.0.0.1:8000\\/article\\/local-fashion-brand-expands-into-international-markets\"}','2026-05-16 11:45:24','2026-05-16 11:43:39','2026-05-16 11:45:24'),('ec7742a3-ab4a-41b1-b337-3f1a15b60f56','App\\Notifications\\EditorialNotification','App\\Models\\User',1,'{\"type\":\"editorial\",\"editorial_type\":\"submitted\",\"article_id\":8,\"article_title\":\"Award-Winning Director Announces New Science Fiction FilmAward-Winning Director Announces New Science Fiction Film\",\"trigger_user_id\":1,\"trigger_user_name\":\"Admin User\",\"message\":\"New article submitted for review\",\"url\":\"http:\\/\\/127.0.0.1:8000\\/article\\/award-winning-director-announces-new-science-fiction-filmaward-winning-director-announces-new-science-fiction-film\"}','2026-05-16 12:05:17','2026-05-16 12:02:19','2026-05-16 12:05:17');
/*!40000 ALTER TABLE `notifications` ENABLE KEYS */;
UNLOCK TABLES;

--
-- Table structure for table `password_reset_tokens`
--

DROP TABLE IF EXISTS `password_reset_tokens`;
/*!40101 SET @saved_cs_client     = @@character_set_client */;
/*!50503 SET character_set_client = utf8mb4 */;
CREATE TABLE `password_reset_tokens` (
  `email` varchar(255) COLLATE utf8mb4_unicode_ci NOT NULL,
  `token` varchar(255) COLLATE utf8mb4_unicode_ci NOT NULL,
  `created_at` timestamp NULL DEFAULT NULL,
  PRIMARY KEY (`email`)
) ENGINE=InnoDB DEFAULT CHARSET=utf8mb4 COLLATE=utf8mb4_unicode_ci;
/*!40101 SET character_set_client = @saved_cs_client */;

--
-- Dumping data for table `password_reset_tokens`
--

LOCK TABLES `password_reset_tokens` WRITE;
/*!40000 ALTER TABLE `password_reset_tokens` DISABLE KEYS */;
/*!40000 ALTER TABLE `password_reset_tokens` ENABLE KEYS */;
UNLOCK TABLES;

--
-- Table structure for table `permissions`
--

DROP TABLE IF EXISTS `permissions`;
/*!40101 SET @saved_cs_client     = @@character_set_client */;
/*!50503 SET character_set_client = utf8mb4 */;
CREATE TABLE `permissions` (
  `id` bigint unsigned NOT NULL AUTO_INCREMENT,
  `name` varchar(255) COLLATE utf8mb4_unicode_ci NOT NULL,
  `guard_name` varchar(255) COLLATE utf8mb4_unicode_ci NOT NULL,
  `created_at` timestamp NULL DEFAULT NULL,
  `updated_at` timestamp NULL DEFAULT NULL,
  PRIMARY KEY (`id`),
  UNIQUE KEY `permissions_name_guard_name_unique` (`name`,`guard_name`)
) ENGINE=InnoDB AUTO_INCREMENT=25 DEFAULT CHARSET=utf8mb4 COLLATE=utf8mb4_unicode_ci;
/*!40101 SET character_set_client = @saved_cs_client */;

--
-- Dumping data for table `permissions`
--

LOCK TABLES `permissions` WRITE;
/*!40000 ALTER TABLE `permissions` DISABLE KEYS */;
INSERT INTO `permissions` VALUES (1,'manage categories','web','2026-05-16 03:25:42','2026-05-16 03:25:42'),(7,'create article','web','2026-05-16 03:46:46','2026-05-16 03:46:46'),(8,'edit own article','web','2026-05-16 03:46:46','2026-05-16 03:46:46'),(9,'edit any article','web','2026-05-16 03:46:46','2026-05-16 03:46:46'),(10,'delete article','web','2026-05-16 03:46:46','2026-05-16 03:46:46'),(11,'publish article','web','2026-05-16 03:46:46','2026-05-16 03:46:46'),(12,'approve article','web','2026-05-16 03:46:46','2026-05-16 03:46:46'),(13,'reject article','web','2026-05-16 03:46:46','2026-05-16 03:46:46'),(14,'toggle breaking news','web','2026-05-16 03:46:46','2026-05-16 03:46:46'),(15,'upload media','web','2026-05-16 03:46:46','2026-05-16 03:46:46'),(16,'manage users','web','2026-05-16 03:46:46','2026-05-16 03:46:46'),(17,'assign roles','web','2026-05-16 03:46:46','2026-05-16 03:46:46'),(18,'view analytics','web','2026-05-16 03:46:46','2026-05-16 03:46:46'),(19,'moderate comments','web','2026-05-16 03:46:46','2026-05-16 03:46:46'),(20,'manage homepage','web','2026-05-16 03:46:46','2026-05-16 03:46:46'),(21,'manage ads','web','2026-05-16 03:46:46','2026-05-16 03:46:46'),(22,'manage subscriptions','web','2026-05-16 03:46:46','2026-05-16 03:46:46'),(23,'view logs','web','2026-05-16 03:46:46','2026-05-16 03:46:46'),(24,'send alerts','web','2026-05-16 03:46:46','2026-05-16 03:46:46');
/*!40000 ALTER TABLE `permissions` ENABLE KEYS */;
UNLOCK TABLES;

--
-- Table structure for table `reactions`
--

DROP TABLE IF EXISTS `reactions`;
/*!40101 SET @saved_cs_client     = @@character_set_client */;
/*!50503 SET character_set_client = utf8mb4 */;
CREATE TABLE `reactions` (
  `id` bigint unsigned NOT NULL AUTO_INCREMENT,
  `reactable_type` varchar(255) COLLATE utf8mb4_unicode_ci NOT NULL,
  `reactable_id` bigint unsigned NOT NULL,
  `user_id` bigint unsigned DEFAULT NULL,
  `fingerprint` varchar(255) COLLATE utf8mb4_unicode_ci DEFAULT NULL,
  `type` varchar(255) COLLATE utf8mb4_unicode_ci NOT NULL,
  `created_at` timestamp NULL DEFAULT NULL,
  `updated_at` timestamp NULL DEFAULT NULL,
  PRIMARY KEY (`id`),
  KEY `reactions_reactable_type_reactable_id_index` (`reactable_type`,`reactable_id`),
  KEY `reactions_user_id_foreign` (`user_id`),
  KEY `reactions_user_index` (`reactable_id`,`reactable_type`,`user_id`),
  KEY `reactions_guest_index` (`reactable_id`,`reactable_type`,`fingerprint`),
  CONSTRAINT `reactions_user_id_foreign` FOREIGN KEY (`user_id`) REFERENCES `users` (`id`) ON DELETE CASCADE
) ENGINE=InnoDB AUTO_INCREMENT=13 DEFAULT CHARSET=utf8mb4 COLLATE=utf8mb4_unicode_ci;
/*!40101 SET character_set_client = @saved_cs_client */;

--
-- Dumping data for table `reactions`
--

LOCK TABLES `reactions` WRITE;
/*!40000 ALTER TABLE `reactions` DISABLE KEYS */;
INSERT INTO `reactions` VALUES (1,'App\\Models\\Article',7,NULL,'fd2e724c41b87ff5992512d2985d9820','like','2026-05-16 05:32:30','2026-05-16 05:32:30'),(3,'App\\Models\\Article',7,1,NULL,'like','2026-05-16 05:33:37','2026-05-16 05:33:37'),(5,'App\\Models\\Article',6,NULL,'0e6bb6b3a4388a459da809c590de9e63','like','2026-05-16 07:15:01','2026-05-16 07:15:01'),(6,'App\\Models\\Article',6,152,NULL,'fire','2026-05-16 07:25:09','2026-05-16 11:44:35'),(7,'App\\Models\\Article',6,1,NULL,'like','2026-05-16 11:39:08','2026-05-16 11:39:08'),(8,'App\\Models\\Article',7,152,NULL,'like','2026-05-16 11:43:29','2026-05-16 11:43:29'),(9,'App\\Models\\Comment',1,152,NULL,'like','2026-05-16 11:43:39','2026-05-16 11:43:39'),(10,'App\\Models\\Comment',2,152,NULL,'like','2026-05-16 11:43:41','2026-05-16 11:43:41'),(11,'App\\Models\\Comment',3,152,NULL,'like','2026-05-16 11:44:28','2026-05-16 11:44:28'),(12,'App\\Models\\Article',8,1,NULL,'like','2026-05-16 12:32:20','2026-05-16 12:32:20');
/*!40000 ALTER TABLE `reactions` ENABLE KEYS */;
UNLOCK TABLES;

--
-- Table structure for table `role_has_permissions`
--

DROP TABLE IF EXISTS `role_has_permissions`;
/*!40101 SET @saved_cs_client     = @@character_set_client */;
/*!50503 SET character_set_client = utf8mb4 */;
CREATE TABLE `role_has_permissions` (
  `permission_id` bigint unsigned NOT NULL,
  `role_id` bigint unsigned NOT NULL,
  PRIMARY KEY (`permission_id`,`role_id`),
  KEY `role_has_permissions_role_id_foreign` (`role_id`),
  CONSTRAINT `role_has_permissions_permission_id_foreign` FOREIGN KEY (`permission_id`) REFERENCES `permissions` (`id`) ON DELETE CASCADE,
  CONSTRAINT `role_has_permissions_role_id_foreign` FOREIGN KEY (`role_id`) REFERENCES `roles` (`id`) ON DELETE CASCADE
) ENGINE=InnoDB DEFAULT CHARSET=utf8mb4 COLLATE=utf8mb4_unicode_ci;
/*!40101 SET character_set_client = @saved_cs_client */;

--
-- Dumping data for table `role_has_permissions`
--

LOCK TABLES `role_has_permissions` WRITE;
/*!40000 ALTER TABLE `role_has_permissions` DISABLE KEYS */;
INSERT INTO `role_has_permissions` VALUES (1,1),(7,1),(8,1),(9,1),(10,1),(11,1),(12,1),(13,1),(14,1),(15,1),(16,1),(17,1),(18,1),(19,1),(20,1),(21,1),(22,1),(23,1),(24,1),(1,2),(7,2),(9,2),(11,2),(12,2),(13,2),(14,2),(15,2),(18,2),(19,2),(7,3),(8,3),(15,3),(18,3),(19,4);
/*!40000 ALTER TABLE `role_has_permissions` ENABLE KEYS */;
UNLOCK TABLES;

--
-- Table structure for table `roles`
--

DROP TABLE IF EXISTS `roles`;
/*!40101 SET @saved_cs_client     = @@character_set_client */;
/*!50503 SET character_set_client = utf8mb4 */;
CREATE TABLE `roles` (
  `id` bigint unsigned NOT NULL AUTO_INCREMENT,
  `name` varchar(255) COLLATE utf8mb4_unicode_ci NOT NULL,
  `guard_name` varchar(255) COLLATE utf8mb4_unicode_ci NOT NULL,
  `created_at` timestamp NULL DEFAULT NULL,
  `updated_at` timestamp NULL DEFAULT NULL,
  PRIMARY KEY (`id`),
  UNIQUE KEY `roles_name_guard_name_unique` (`name`,`guard_name`)
) ENGINE=InnoDB AUTO_INCREMENT=6 DEFAULT CHARSET=utf8mb4 COLLATE=utf8mb4_unicode_ci;
/*!40101 SET character_set_client = @saved_cs_client */;

--
-- Dumping data for table `roles`
--

LOCK TABLES `roles` WRITE;
/*!40000 ALTER TABLE `roles` DISABLE KEYS */;
INSERT INTO `roles` VALUES (1,'Admin','web','2026-05-15 16:29:38','2026-05-15 16:29:38'),(2,'Editor','web','2026-05-15 16:29:38','2026-05-15 16:29:38'),(3,'Journalist','web','2026-05-15 16:29:38','2026-05-15 16:29:38'),(4,'Moderator','web','2026-05-15 16:29:38','2026-05-15 16:29:38'),(5,'Reader','web','2026-05-15 16:29:38','2026-05-15 16:29:38');
/*!40000 ALTER TABLE `roles` ENABLE KEYS */;
UNLOCK TABLES;

--
-- Table structure for table `sessions`
--

DROP TABLE IF EXISTS `sessions`;
/*!40101 SET @saved_cs_client     = @@character_set_client */;
/*!50503 SET character_set_client = utf8mb4 */;
CREATE TABLE `sessions` (
  `id` varchar(255) COLLATE utf8mb4_unicode_ci NOT NULL,
  `user_id` bigint unsigned DEFAULT NULL,
  `ip_address` varchar(45) COLLATE utf8mb4_unicode_ci DEFAULT NULL,
  `user_agent` text COLLATE utf8mb4_unicode_ci,
  `payload` longtext COLLATE utf8mb4_unicode_ci NOT NULL,
  `last_activity` int NOT NULL,
  PRIMARY KEY (`id`),
  KEY `sessions_user_id_index` (`user_id`),
  KEY `sessions_last_activity_index` (`last_activity`)
) ENGINE=InnoDB DEFAULT CHARSET=utf8mb4 COLLATE=utf8mb4_unicode_ci;
/*!40101 SET character_set_client = @saved_cs_client */;

--
-- Dumping data for table `sessions`
--

LOCK TABLES `sessions` WRITE;
/*!40000 ALTER TABLE `sessions` DISABLE KEYS */;
INSERT INTO `sessions` VALUES ('4reQATFfeRN5hiROQuDPCCHFGLlEoNlm9XVldSRs',NULL,'127.0.0.1','Mozilla/5.0 (Windows NT 10.0; Win64; x64) AppleWebKit/537.36 (KHTML, like Gecko) Chrome/148.0.0.0 Safari/537.36 Edg/148.0.0.0','YTozOntzOjY6Il90b2tlbiI7czo0MDoiR2dDR2dHYjNuM2RoZkNBaHpWZjdEaHNTZjJYbHlQVWM4R3oxMzhBSCI7czo5OiJfcHJldmlvdXMiO2E6Mjp7czozOiJ1cmwiO3M6MjE6Imh0dHA6Ly8xMjcuMC4wLjE6ODAwMCI7czo1OiJyb3V0ZSI7czo0OiJob21lIjt9czo2OiJfZmxhc2giO2E6Mjp7czozOiJvbGQiO2E6MDp7fXM6MzoibmV3IjthOjA6e319fQ==',1778952929),('8Co8ntiusEYWYt14pJ9neZfdi68aMunLlxi97ng2',1,'127.0.0.1','Mozilla/5.0 (Windows NT 10.0; Win64; x64) AppleWebKit/537.36 (KHTML, like Gecko) Chrome/148.0.0.0 Safari/537.36 Edg/148.0.0.0','YTo1OntzOjY6Il90b2tlbiI7czo0MDoiRjJIWGU0eGJZREk4aTZiZE9PdGVtVzNkRE0xUDQ5Q2lNbjB6TGVBVCI7czozOiJ1cmwiO2E6MDp7fXM6OToiX3ByZXZpb3VzIjthOjI6e3M6MzoidXJsIjtzOjI5OiJodHRwOi8vMTI3LjAuMC4xOjgwMDAvcHJvZmlsZSI7czo1OiJyb3V0ZSI7czo3OiJwcm9maWxlIjt9czo2OiJfZmxhc2giO2E6Mjp7czozOiJvbGQiO2E6MDp7fXM6MzoibmV3IjthOjA6e319czo1MDoibG9naW5fd2ViXzU5YmEzNmFkZGMyYjJmOTQwMTU4MGYwMTRjN2Y1OGVhNGUzMDk4OWQiO2k6MTt9',1778957401),('cgmBajS6OVevvaxxAYSppSjaOL7MUfOd4gvKeHtm',152,'127.0.0.1','Mozilla/5.0 (Windows NT 10.0; Win64; x64) AppleWebKit/537.36 (KHTML, like Gecko) Chrome/148.0.0.0 Safari/537.36','YTo0OntzOjY6Il90b2tlbiI7czo0MDoiNENrVDVWUWlQNGRZdFZvbG1KSDdweVB6VmVLMm02dVc0QnlMVFpjNiI7czo5OiJfcHJldmlvdXMiO2E6Mjp7czozOiJ1cmwiO3M6MjE6Imh0dHA6Ly8xMjcuMC4wLjE6ODAwMCI7czo1OiJyb3V0ZSI7czo0OiJob21lIjt9czo2OiJfZmxhc2giO2E6Mjp7czozOiJvbGQiO2E6MDp7fXM6MzoibmV3IjthOjA6e319czo1MDoibG9naW5fd2ViXzU5YmEzNmFkZGMyYjJmOTQwMTU4MGYwMTRjN2Y1OGVhNGUzMDk4OWQiO2k6MTUyO30=',1778957228);
/*!40000 ALTER TABLE `sessions` ENABLE KEYS */;
UNLOCK TABLES;

--
-- Table structure for table `subscriptions`
--

DROP TABLE IF EXISTS `subscriptions`;
/*!40101 SET @saved_cs_client     = @@character_set_client */;
/*!50503 SET character_set_client = utf8mb4 */;
CREATE TABLE `subscriptions` (
  `id` bigint unsigned NOT NULL AUTO_INCREMENT,
  `user_id` bigint unsigned NOT NULL,
  `plan` enum('free','monthly','yearly') COLLATE utf8mb4_unicode_ci NOT NULL DEFAULT 'free',
  `subscribed_at` timestamp NOT NULL DEFAULT CURRENT_TIMESTAMP,
  `expires_at` timestamp NULL DEFAULT NULL,
  `status` enum('active','cancelled','expired') COLLATE utf8mb4_unicode_ci NOT NULL DEFAULT 'active',
  `created_at` timestamp NULL DEFAULT NULL,
  `updated_at` timestamp NULL DEFAULT NULL,
  PRIMARY KEY (`id`),
  KEY `subscriptions_user_id_foreign` (`user_id`),
  CONSTRAINT `subscriptions_user_id_foreign` FOREIGN KEY (`user_id`) REFERENCES `users` (`id`) ON DELETE CASCADE
) ENGINE=InnoDB DEFAULT CHARSET=utf8mb4 COLLATE=utf8mb4_unicode_ci;
/*!40101 SET character_set_client = @saved_cs_client */;

--
-- Dumping data for table `subscriptions`
--

LOCK TABLES `subscriptions` WRITE;
/*!40000 ALTER TABLE `subscriptions` DISABLE KEYS */;
/*!40000 ALTER TABLE `subscriptions` ENABLE KEYS */;
UNLOCK TABLES;

--
-- Table structure for table `tags`
--

DROP TABLE IF EXISTS `tags`;
/*!40101 SET @saved_cs_client     = @@character_set_client */;
/*!50503 SET character_set_client = utf8mb4 */;
CREATE TABLE `tags` (
  `id` bigint unsigned NOT NULL AUTO_INCREMENT,
  `name` varchar(255) COLLATE utf8mb4_unicode_ci NOT NULL,
  `slug` varchar(255) COLLATE utf8mb4_unicode_ci NOT NULL,
  `created_at` timestamp NULL DEFAULT NULL,
  `updated_at` timestamp NULL DEFAULT NULL,
  PRIMARY KEY (`id`),
  UNIQUE KEY `tags_name_unique` (`name`),
  UNIQUE KEY `tags_slug_unique` (`slug`)
) ENGINE=InnoDB AUTO_INCREMENT=8 DEFAULT CHARSET=utf8mb4 COLLATE=utf8mb4_unicode_ci;
/*!40101 SET character_set_client = @saved_cs_client */;

--
-- Dumping data for table `tags`
--

LOCK TABLES `tags` WRITE;
/*!40000 ALTER TABLE `tags` DISABLE KEYS */;
INSERT INTO `tags` VALUES (1,'Breaking News','breaking-news','2026-05-15 16:29:39','2026-05-15 16:29:39'),(2,'World News','world-news','2026-05-15 16:29:39','2026-05-15 16:29:39'),(3,'Local News','local-news','2026-05-15 16:29:39','2026-05-15 16:29:39'),(4,'Opinion','opinion','2026-05-15 16:29:39','2026-05-15 16:29:39'),(5,'Feature','feature','2026-05-15 16:29:39','2026-05-15 16:29:39'),(6,'Investigation','investigation','2026-05-15 16:29:39','2026-05-15 16:29:39'),(7,'Trending','trending','2026-05-15 16:29:39','2026-05-15 16:29:39');
/*!40000 ALTER TABLE `tags` ENABLE KEYS */;
UNLOCK TABLES;

--
-- Table structure for table `user_saved_articles`
--

DROP TABLE IF EXISTS `user_saved_articles`;
/*!40101 SET @saved_cs_client     = @@character_set_client */;
/*!50503 SET character_set_client = utf8mb4 */;
CREATE TABLE `user_saved_articles` (
  `id` bigint unsigned NOT NULL AUTO_INCREMENT,
  `user_id` bigint unsigned NOT NULL,
  `article_id` bigint unsigned NOT NULL,
  `saved_at` timestamp NOT NULL DEFAULT CURRENT_TIMESTAMP,
  PRIMARY KEY (`id`),
  UNIQUE KEY `user_saved_articles_user_id_article_id_unique` (`user_id`,`article_id`),
  KEY `user_saved_articles_article_id_foreign` (`article_id`),
  CONSTRAINT `user_saved_articles_article_id_foreign` FOREIGN KEY (`article_id`) REFERENCES `articles` (`id`) ON DELETE CASCADE,
  CONSTRAINT `user_saved_articles_user_id_foreign` FOREIGN KEY (`user_id`) REFERENCES `users` (`id`) ON DELETE CASCADE
) ENGINE=InnoDB DEFAULT CHARSET=utf8mb4 COLLATE=utf8mb4_unicode_ci;
/*!40101 SET character_set_client = @saved_cs_client */;

--
-- Dumping data for table `user_saved_articles`
--

LOCK TABLES `user_saved_articles` WRITE;
/*!40000 ALTER TABLE `user_saved_articles` DISABLE KEYS */;
/*!40000 ALTER TABLE `user_saved_articles` ENABLE KEYS */;
UNLOCK TABLES;

--
-- Table structure for table `users`
--

DROP TABLE IF EXISTS `users`;
/*!40101 SET @saved_cs_client     = @@character_set_client */;
/*!50503 SET character_set_client = utf8mb4 */;
CREATE TABLE `users` (
  `id` bigint unsigned NOT NULL AUTO_INCREMENT,
  `name` varchar(255) COLLATE utf8mb4_unicode_ci NOT NULL,
  `username` varchar(255) COLLATE utf8mb4_unicode_ci NOT NULL,
  `email` varchar(255) COLLATE utf8mb4_unicode_ci NOT NULL,
  `email_verified_at` timestamp NULL DEFAULT NULL,
  `password` varchar(255) COLLATE utf8mb4_unicode_ci NOT NULL,
  `avatar` varchar(255) COLLATE utf8mb4_unicode_ci DEFAULT NULL,
  `bio` text COLLATE utf8mb4_unicode_ci,
  `location` varchar(255) COLLATE utf8mb4_unicode_ci DEFAULT NULL,
  `website` varchar(255) COLLATE utf8mb4_unicode_ci DEFAULT NULL,
  `twitter_url` varchar(255) COLLATE utf8mb4_unicode_ci DEFAULT NULL,
  `linkedin_url` varchar(255) COLLATE utf8mb4_unicode_ci DEFAULT NULL,
  `phone` varchar(255) COLLATE utf8mb4_unicode_ci DEFAULT NULL,
  `beat` varchar(255) COLLATE utf8mb4_unicode_ci DEFAULT NULL,
  `byline` varchar(255) COLLATE utf8mb4_unicode_ci DEFAULT NULL,
  `preferences` json DEFAULT NULL,
  `last_login_at` timestamp NULL DEFAULT NULL,
  `last_login_ip` varchar(255) COLLATE utf8mb4_unicode_ci DEFAULT NULL,
  `two_factor_enabled` tinyint(1) NOT NULL DEFAULT '0',
  `status` enum('active','suspended','banned') COLLATE utf8mb4_unicode_ci NOT NULL DEFAULT 'active',
  `remember_token` varchar(100) COLLATE utf8mb4_unicode_ci DEFAULT NULL,
  `created_at` timestamp NULL DEFAULT NULL,
  `updated_at` timestamp NULL DEFAULT NULL,
  PRIMARY KEY (`id`),
  UNIQUE KEY `users_email_unique` (`email`),
  UNIQUE KEY `users_username_unique` (`username`)
) ENGINE=InnoDB AUTO_INCREMENT=153 DEFAULT CHARSET=utf8mb4 COLLATE=utf8mb4_unicode_ci;
/*!40101 SET character_set_client = @saved_cs_client */;

--
-- Dumping data for table `users`
--

LOCK TABLES `users` WRITE;
/*!40000 ALTER TABLE `users` DISABLE KEYS */;
INSERT INTO `users` VALUES (1,'Admin User','admin','admin@newspaper.com','2026-05-15 16:29:38','$2y$12$Yi6Pcr1JjCzV8Qad1OZkfez4ORDdh7u1cuvRVMKh9E0BQc9SrKh9q','avatars/fwTMqrs17Jr5DnRPf3gFq5U6o2cXhlJVzkmVKP7s.jpg',NULL,NULL,NULL,NULL,NULL,NULL,NULL,NULL,NULL,NULL,NULL,0,'active','7xnYfpzViXv6Pi44BZuM3jM8KTyEkej9Xhr60A9sTeHeQWg6a8ySQi4gS3HN','2026-05-15 16:29:39','2026-05-16 04:06:03'),(2,'Dr. Bernardo Roberts III','jimmy.hirthe','mona93@example.com','2026-05-15 16:29:39','$2y$12$H5nBCDwkpw6NjF.Db3X0weDFwwrnbwrGkCCs1SV6anG3so1uXV55e',NULL,NULL,NULL,NULL,NULL,NULL,NULL,NULL,NULL,NULL,NULL,NULL,0,'active','2AAhzDUIHyE7OhXBnppfcUteWQ3Up7OaGIOW7DZo2zb526q8jnhmGrPdDAll','2026-05-15 16:29:39','2026-05-15 16:29:39'),(3,'Ms. Abigale Morissette','virginie80','hfisher@example.com','2026-05-15 16:29:39','$2y$12$H5nBCDwkpw6NjF.Db3X0weDFwwrnbwrGkCCs1SV6anG3so1uXV55e',NULL,NULL,NULL,NULL,NULL,NULL,NULL,NULL,NULL,NULL,NULL,NULL,0,'active','NA4VBaTGjb','2026-05-15 16:29:39','2026-05-15 16:29:39'),(4,'Dr. Lyda Bechtelar Sr.','mavis.bradtke','hill.leslie@example.net','2026-05-15 16:29:39','$2y$12$H5nBCDwkpw6NjF.Db3X0weDFwwrnbwrGkCCs1SV6anG3so1uXV55e',NULL,NULL,NULL,NULL,NULL,NULL,NULL,NULL,NULL,NULL,NULL,NULL,0,'active','gvDh5nwJLj','2026-05-15 16:29:39','2026-05-15 16:29:39'),(5,'Holly Kovacek','hoppe.isai','elliott62@example.net','2026-05-15 16:29:39','$2y$12$H5nBCDwkpw6NjF.Db3X0weDFwwrnbwrGkCCs1SV6anG3so1uXV55e',NULL,NULL,NULL,NULL,NULL,NULL,NULL,NULL,NULL,NULL,NULL,NULL,0,'active','pQuiGjPCKX','2026-05-15 16:29:39','2026-05-15 16:29:39'),(6,'Horace Runolfsdottir','gnikolaus','jhowell@example.org','2026-05-15 16:29:39','$2y$12$H5nBCDwkpw6NjF.Db3X0weDFwwrnbwrGkCCs1SV6anG3so1uXV55e',NULL,NULL,NULL,NULL,NULL,NULL,NULL,NULL,NULL,NULL,NULL,NULL,0,'active','6Hy83LdZyA','2026-05-15 16:29:39','2026-05-15 16:29:39'),(7,'Belle Lehner Sr.','monahan.claire','frederick35@example.com','2026-05-15 16:29:39','$2y$12$H5nBCDwkpw6NjF.Db3X0weDFwwrnbwrGkCCs1SV6anG3so1uXV55e',NULL,NULL,NULL,NULL,NULL,NULL,NULL,NULL,NULL,NULL,NULL,NULL,0,'active','rduVZYIZQUOwQOU16spOWDLuiqLLyfkJxZM9bU6SFrXKhreq5ZPb96v6Uj75','2026-05-15 16:29:39','2026-05-15 16:29:39'),(8,'Dr. Olen Baumbach IV','gjohnson','elbert16@example.com','2026-05-15 16:29:39','$2y$12$H5nBCDwkpw6NjF.Db3X0weDFwwrnbwrGkCCs1SV6anG3so1uXV55e',NULL,NULL,NULL,NULL,NULL,NULL,NULL,NULL,NULL,NULL,NULL,NULL,0,'active','In1zJKZ3pk','2026-05-15 16:29:39','2026-05-15 16:29:39'),(9,'Karina Tremblay','christiana03','gideon70@example.org','2026-05-15 16:29:40','$2y$12$H5nBCDwkpw6NjF.Db3X0weDFwwrnbwrGkCCs1SV6anG3so1uXV55e',NULL,NULL,NULL,NULL,NULL,NULL,NULL,NULL,NULL,NULL,NULL,NULL,0,'active','PtUJ4Ea6dTHkl6dAmxbRvzPayBd9aakHHoNXJp47kuiGctcSl5rWnCVTCC2A','2026-05-15 16:29:40','2026-05-15 16:29:40'),(10,'Mrs. Alfreda Kozey I','eda04','dlemke@example.net','2026-05-15 16:29:40','$2y$12$H5nBCDwkpw6NjF.Db3X0weDFwwrnbwrGkCCs1SV6anG3so1uXV55e',NULL,NULL,NULL,NULL,NULL,NULL,NULL,NULL,NULL,NULL,NULL,NULL,0,'active','TBeVYg2giT','2026-05-15 16:29:40','2026-05-15 16:29:40'),(11,'Mr. Samson Ferry','cschroeder','olangosh@example.org','2026-05-15 16:29:40','$2y$12$H5nBCDwkpw6NjF.Db3X0weDFwwrnbwrGkCCs1SV6anG3so1uXV55e',NULL,NULL,NULL,NULL,NULL,NULL,NULL,NULL,NULL,NULL,NULL,NULL,0,'active','gYVt6lhK1y','2026-05-15 16:29:40','2026-05-15 16:29:40'),(12,'Loy Willms','raynor.steve','michale73@example.org','2026-05-15 16:29:40','$2y$12$H5nBCDwkpw6NjF.Db3X0weDFwwrnbwrGkCCs1SV6anG3so1uXV55e',NULL,NULL,NULL,NULL,NULL,NULL,NULL,NULL,NULL,NULL,NULL,NULL,0,'active','8MEy4Qxniz','2026-05-15 16:29:40','2026-05-15 16:29:40'),(13,'Prof. Mekhi Bernhard I','qgraham','maryam51@example.net','2026-05-15 16:29:40','$2y$12$H5nBCDwkpw6NjF.Db3X0weDFwwrnbwrGkCCs1SV6anG3so1uXV55e',NULL,NULL,NULL,NULL,NULL,NULL,NULL,NULL,NULL,NULL,NULL,NULL,0,'active','NNF5ZnOM9b','2026-05-15 16:29:40','2026-05-15 16:29:40'),(14,'Marina Kshlerin','tosinski','rosario41@example.net','2026-05-15 16:29:40','$2y$12$H5nBCDwkpw6NjF.Db3X0weDFwwrnbwrGkCCs1SV6anG3so1uXV55e',NULL,NULL,NULL,NULL,NULL,NULL,NULL,NULL,NULL,NULL,NULL,NULL,0,'active','N1ygHVJBXv','2026-05-15 16:29:40','2026-05-15 16:29:40'),(15,'Laney Sawayn','hilpert.cassandre','dixie66@example.org','2026-05-15 16:29:40','$2y$12$H5nBCDwkpw6NjF.Db3X0weDFwwrnbwrGkCCs1SV6anG3so1uXV55e',NULL,NULL,NULL,NULL,NULL,NULL,NULL,NULL,NULL,NULL,NULL,NULL,0,'active','nvBRmB7bAJ','2026-05-15 16:29:40','2026-05-15 16:29:40'),(16,'Ruthie Simonis','evert.schinner','mraz.kolby@example.org','2026-05-15 16:29:40','$2y$12$H5nBCDwkpw6NjF.Db3X0weDFwwrnbwrGkCCs1SV6anG3so1uXV55e',NULL,NULL,NULL,NULL,NULL,NULL,NULL,NULL,NULL,NULL,NULL,NULL,0,'active','wEsJrqvIV5','2026-05-15 16:29:40','2026-05-15 16:29:40'),(17,'Jayden O\'Connell','whowe','khowell@example.org','2026-05-15 16:29:40','$2y$12$H5nBCDwkpw6NjF.Db3X0weDFwwrnbwrGkCCs1SV6anG3so1uXV55e',NULL,NULL,NULL,NULL,NULL,NULL,NULL,NULL,NULL,NULL,NULL,NULL,0,'active','RSvU25gWgj','2026-05-15 16:29:40','2026-05-15 16:29:40'),(18,'Dr. Willy Kuhn','hank18','ykuhlman@example.net','2026-05-15 16:29:40','$2y$12$H5nBCDwkpw6NjF.Db3X0weDFwwrnbwrGkCCs1SV6anG3so1uXV55e',NULL,NULL,NULL,NULL,NULL,NULL,NULL,NULL,NULL,NULL,NULL,NULL,0,'active','cml51Vw1ra','2026-05-15 16:29:40','2026-05-15 16:29:40'),(19,'Alayna Ziemann','ilene42','kiehn.kassandra@example.net','2026-05-15 16:29:40','$2y$12$H5nBCDwkpw6NjF.Db3X0weDFwwrnbwrGkCCs1SV6anG3so1uXV55e',NULL,NULL,NULL,NULL,NULL,NULL,NULL,NULL,NULL,NULL,NULL,NULL,0,'active','toxqL4W9Du','2026-05-15 16:29:40','2026-05-15 16:29:40'),(20,'Prof. Eryn Murazik I','yryan','alphonso.zieme@example.com','2026-05-15 16:29:40','$2y$12$H5nBCDwkpw6NjF.Db3X0weDFwwrnbwrGkCCs1SV6anG3so1uXV55e',NULL,NULL,NULL,NULL,NULL,NULL,NULL,NULL,NULL,NULL,NULL,NULL,0,'active','25kBYVhq33','2026-05-15 16:29:40','2026-05-15 16:29:40'),(21,'Prof. Trey Gleichner IV','johara','rex15@example.com','2026-05-15 16:29:40','$2y$12$H5nBCDwkpw6NjF.Db3X0weDFwwrnbwrGkCCs1SV6anG3so1uXV55e',NULL,NULL,NULL,NULL,NULL,NULL,NULL,NULL,NULL,NULL,NULL,NULL,0,'active','S4kjPGCjXD','2026-05-15 16:29:40','2026-05-15 16:29:40'),(22,'Westley Thompson','nelda60','cratke@example.net','2026-05-15 16:29:40','$2y$12$H5nBCDwkpw6NjF.Db3X0weDFwwrnbwrGkCCs1SV6anG3so1uXV55e',NULL,NULL,NULL,NULL,NULL,NULL,NULL,NULL,NULL,NULL,NULL,NULL,0,'active','6ok5xStBSQ','2026-05-15 16:29:40','2026-05-15 16:29:40'),(23,'Dion Harris II','beatty.tyshawn','gaylord.russel@example.net','2026-05-15 16:29:40','$2y$12$H5nBCDwkpw6NjF.Db3X0weDFwwrnbwrGkCCs1SV6anG3so1uXV55e',NULL,NULL,NULL,NULL,NULL,NULL,NULL,NULL,NULL,NULL,NULL,NULL,0,'active','v6LrwVId1T','2026-05-15 16:29:40','2026-05-15 16:29:40'),(24,'Mr. Flavio Feil','lonnie.skiles','flatley.chadrick@example.com','2026-05-15 16:29:40','$2y$12$H5nBCDwkpw6NjF.Db3X0weDFwwrnbwrGkCCs1SV6anG3so1uXV55e',NULL,NULL,NULL,NULL,NULL,NULL,NULL,NULL,NULL,NULL,NULL,NULL,0,'active','KAGr3IACJ0','2026-05-15 16:29:40','2026-05-15 16:29:40'),(25,'Dr. Leanne Morar','royal.hayes','sandrine.carter@example.net','2026-05-15 16:29:40','$2y$12$H5nBCDwkpw6NjF.Db3X0weDFwwrnbwrGkCCs1SV6anG3so1uXV55e',NULL,NULL,NULL,NULL,NULL,NULL,NULL,NULL,NULL,NULL,NULL,NULL,0,'active','QwN4Eoiwha','2026-05-15 16:29:40','2026-05-15 16:29:40'),(26,'Tristian Lind','candice24','makenna.blanda@example.org','2026-05-15 16:29:40','$2y$12$H5nBCDwkpw6NjF.Db3X0weDFwwrnbwrGkCCs1SV6anG3so1uXV55e',NULL,NULL,NULL,NULL,NULL,NULL,NULL,NULL,NULL,NULL,NULL,NULL,0,'active','m0qoJZJGoK','2026-05-15 16:29:40','2026-05-15 16:29:40'),(27,'Prof. Bailee Bosco','rhyatt','eulah54@example.net','2026-05-15 16:29:40','$2y$12$H5nBCDwkpw6NjF.Db3X0weDFwwrnbwrGkCCs1SV6anG3so1uXV55e',NULL,NULL,NULL,NULL,NULL,NULL,NULL,NULL,NULL,NULL,NULL,NULL,0,'active','M67haiFK0F','2026-05-15 16:29:40','2026-05-15 16:29:40'),(28,'Eusebio Von','ebogan','altenwerth.tianna@example.net','2026-05-15 16:29:40','$2y$12$H5nBCDwkpw6NjF.Db3X0weDFwwrnbwrGkCCs1SV6anG3so1uXV55e',NULL,NULL,NULL,NULL,NULL,NULL,NULL,NULL,NULL,NULL,NULL,NULL,0,'active','tL3aGEuaG3','2026-05-15 16:29:40','2026-05-15 16:29:40'),(29,'Ms. Piper Hettinger Sr.','rempel.allan','danyka55@example.net','2026-05-15 16:29:40','$2y$12$H5nBCDwkpw6NjF.Db3X0weDFwwrnbwrGkCCs1SV6anG3so1uXV55e',NULL,NULL,NULL,NULL,NULL,NULL,NULL,NULL,NULL,NULL,NULL,NULL,0,'active','BcCBoszpId','2026-05-15 16:29:40','2026-05-15 16:29:40'),(30,'Pierre VonRueden','vance36','nader.tess@example.com','2026-05-15 16:29:40','$2y$12$H5nBCDwkpw6NjF.Db3X0weDFwwrnbwrGkCCs1SV6anG3so1uXV55e',NULL,NULL,NULL,NULL,NULL,NULL,NULL,NULL,NULL,NULL,NULL,NULL,0,'active','r1aM2TzKl8','2026-05-15 16:29:40','2026-05-15 16:29:40'),(31,'Prof. Aliya Leuschke','maximillia.barrows','lrippin@example.com','2026-05-15 16:29:40','$2y$12$H5nBCDwkpw6NjF.Db3X0weDFwwrnbwrGkCCs1SV6anG3so1uXV55e',NULL,NULL,NULL,NULL,NULL,NULL,NULL,NULL,NULL,NULL,NULL,NULL,0,'active','b3ZWGYe4Ko','2026-05-15 16:29:40','2026-05-15 16:29:40'),(32,'Graham Cartwright','cleo83','rbergnaum@example.net','2026-05-15 16:29:40','$2y$12$H5nBCDwkpw6NjF.Db3X0weDFwwrnbwrGkCCs1SV6anG3so1uXV55e',NULL,NULL,NULL,NULL,NULL,NULL,NULL,NULL,NULL,NULL,NULL,NULL,0,'active','VNQIJbtgdK','2026-05-15 16:29:40','2026-05-15 16:29:40'),(33,'Christopher Cruickshank','talia84','summer.oconnell@example.net','2026-05-15 16:29:40','$2y$12$H5nBCDwkpw6NjF.Db3X0weDFwwrnbwrGkCCs1SV6anG3so1uXV55e',NULL,NULL,NULL,NULL,NULL,NULL,NULL,NULL,NULL,NULL,NULL,NULL,0,'active','HyGXj1meKG','2026-05-15 16:29:40','2026-05-15 16:29:40'),(34,'Guido Flatley','zlegros','mlangworth@example.com','2026-05-15 16:29:40','$2y$12$H5nBCDwkpw6NjF.Db3X0weDFwwrnbwrGkCCs1SV6anG3so1uXV55e',NULL,NULL,NULL,NULL,NULL,NULL,NULL,NULL,NULL,NULL,NULL,NULL,0,'active','7X1gakppPc','2026-05-15 16:29:40','2026-05-15 16:29:40'),(35,'Larue Gutkowski','dayton98','citlalli72@example.net','2026-05-15 16:29:40','$2y$12$H5nBCDwkpw6NjF.Db3X0weDFwwrnbwrGkCCs1SV6anG3so1uXV55e',NULL,NULL,NULL,NULL,NULL,NULL,NULL,NULL,NULL,NULL,NULL,NULL,0,'active','ERUSr6iYgt','2026-05-15 16:29:40','2026-05-15 16:29:40'),(36,'Prof. Jan Mitchell IV','clinton57','tyrese.crist@example.org','2026-05-15 16:29:40','$2y$12$H5nBCDwkpw6NjF.Db3X0weDFwwrnbwrGkCCs1SV6anG3so1uXV55e',NULL,NULL,NULL,NULL,NULL,NULL,NULL,NULL,NULL,NULL,NULL,NULL,0,'active','8mOBweTffl','2026-05-15 16:29:40','2026-05-15 16:29:40'),(37,'Julie Lesch','ibraun','crystel09@example.org','2026-05-15 16:29:40','$2y$12$H5nBCDwkpw6NjF.Db3X0weDFwwrnbwrGkCCs1SV6anG3so1uXV55e',NULL,NULL,NULL,NULL,NULL,NULL,NULL,NULL,NULL,NULL,NULL,NULL,0,'active','QfhTvJTE3I','2026-05-15 16:29:40','2026-05-15 16:29:40'),(38,'Giovanny O\'Reilly','dario.crona','bstehr@example.org','2026-05-15 16:29:40','$2y$12$H5nBCDwkpw6NjF.Db3X0weDFwwrnbwrGkCCs1SV6anG3so1uXV55e',NULL,NULL,NULL,NULL,NULL,NULL,NULL,NULL,NULL,NULL,NULL,NULL,0,'active','QxculQ3kPr','2026-05-15 16:29:40','2026-05-15 16:29:40'),(39,'Keagan Miller','dpagac','rmosciski@example.net','2026-05-15 16:29:41','$2y$12$H5nBCDwkpw6NjF.Db3X0weDFwwrnbwrGkCCs1SV6anG3so1uXV55e',NULL,NULL,NULL,NULL,NULL,NULL,NULL,NULL,NULL,NULL,NULL,NULL,0,'active','xExUe2im59','2026-05-15 16:29:41','2026-05-15 16:29:41'),(40,'Major Yost','rcartwright','skuhic@example.com','2026-05-15 16:29:41','$2y$12$H5nBCDwkpw6NjF.Db3X0weDFwwrnbwrGkCCs1SV6anG3so1uXV55e',NULL,NULL,NULL,NULL,NULL,NULL,NULL,NULL,NULL,NULL,NULL,NULL,0,'active','pwT6qAyr5j','2026-05-15 16:29:41','2026-05-15 16:29:41'),(41,'Burnice Conroy','schimmel.oma','roel.okeefe@example.com','2026-05-15 16:29:41','$2y$12$H5nBCDwkpw6NjF.Db3X0weDFwwrnbwrGkCCs1SV6anG3so1uXV55e',NULL,NULL,NULL,NULL,NULL,NULL,NULL,NULL,NULL,NULL,NULL,NULL,0,'active','h38itVUNCj','2026-05-15 16:29:41','2026-05-15 16:29:41'),(42,'Garrison Glover','labadie.shaun','ogreenfelder@example.net','2026-05-15 16:29:41','$2y$12$H5nBCDwkpw6NjF.Db3X0weDFwwrnbwrGkCCs1SV6anG3so1uXV55e',NULL,NULL,NULL,NULL,NULL,NULL,NULL,NULL,NULL,NULL,NULL,NULL,0,'active','XdFw6Cu9wR','2026-05-15 16:29:41','2026-05-15 16:29:41'),(43,'Kian Runolfsson','rschroeder','tconn@example.com','2026-05-15 16:29:41','$2y$12$H5nBCDwkpw6NjF.Db3X0weDFwwrnbwrGkCCs1SV6anG3so1uXV55e',NULL,NULL,NULL,NULL,NULL,NULL,NULL,NULL,NULL,NULL,NULL,NULL,0,'active','ePfgGoVQqB','2026-05-15 16:29:41','2026-05-15 16:29:41'),(44,'Dr. Eda Crona','ludwig.bayer','cristobal.goodwin@example.com','2026-05-15 16:29:41','$2y$12$H5nBCDwkpw6NjF.Db3X0weDFwwrnbwrGkCCs1SV6anG3so1uXV55e',NULL,NULL,NULL,NULL,NULL,NULL,NULL,NULL,NULL,NULL,NULL,NULL,0,'active','1DJjVDGmy0','2026-05-15 16:29:41','2026-05-15 16:29:41'),(45,'Coralie DuBuque','zgutkowski','torphy.katlyn@example.com','2026-05-15 16:29:41','$2y$12$H5nBCDwkpw6NjF.Db3X0weDFwwrnbwrGkCCs1SV6anG3so1uXV55e',NULL,NULL,NULL,NULL,NULL,NULL,NULL,NULL,NULL,NULL,NULL,NULL,0,'active','PDZpt3ifW3','2026-05-15 16:29:41','2026-05-15 16:29:41'),(46,'Gerda Fahey IV','dejah.batz','enoch18@example.net','2026-05-15 16:29:41','$2y$12$H5nBCDwkpw6NjF.Db3X0weDFwwrnbwrGkCCs1SV6anG3so1uXV55e',NULL,NULL,NULL,NULL,NULL,NULL,NULL,NULL,NULL,NULL,NULL,NULL,0,'active','f6i1wJ8iUi','2026-05-15 16:29:41','2026-05-15 16:29:41'),(47,'Ola Collins','willa.zboncak','ocie10@example.com','2026-05-15 16:29:41','$2y$12$H5nBCDwkpw6NjF.Db3X0weDFwwrnbwrGkCCs1SV6anG3so1uXV55e',NULL,NULL,NULL,NULL,NULL,NULL,NULL,NULL,NULL,NULL,NULL,NULL,0,'active','tFdbvL8ymO','2026-05-15 16:29:41','2026-05-15 16:29:41'),(48,'Mollie Hoeger','nblock','bins.wendy@example.org','2026-05-15 16:29:41','$2y$12$H5nBCDwkpw6NjF.Db3X0weDFwwrnbwrGkCCs1SV6anG3so1uXV55e',NULL,NULL,NULL,NULL,NULL,NULL,NULL,NULL,NULL,NULL,NULL,NULL,0,'active','RlZwdEjhM2','2026-05-15 16:29:41','2026-05-15 16:29:41'),(49,'Dr. Jalen Goldner','lemuel.crooks','hettie.monahan@example.org','2026-05-15 16:29:41','$2y$12$H5nBCDwkpw6NjF.Db3X0weDFwwrnbwrGkCCs1SV6anG3so1uXV55e',NULL,NULL,NULL,NULL,NULL,NULL,NULL,NULL,NULL,NULL,NULL,NULL,0,'active','YtFecCzUkp','2026-05-15 16:29:41','2026-05-15 16:29:41'),(50,'Kathlyn Veum','laron.buckridge','daniella.franecki@example.net','2026-05-15 16:29:41','$2y$12$H5nBCDwkpw6NjF.Db3X0weDFwwrnbwrGkCCs1SV6anG3so1uXV55e',NULL,NULL,NULL,NULL,NULL,NULL,NULL,NULL,NULL,NULL,NULL,NULL,0,'active','3MEOLvb1F0','2026-05-15 16:29:41','2026-05-15 16:29:41'),(51,'Dr. Jaylon Keebler V','eden84','jedidiah82@example.org','2026-05-15 16:29:41','$2y$12$H5nBCDwkpw6NjF.Db3X0weDFwwrnbwrGkCCs1SV6anG3so1uXV55e',NULL,NULL,NULL,NULL,NULL,NULL,NULL,NULL,NULL,NULL,NULL,NULL,0,'active','OZ2lUEnoqH','2026-05-15 16:29:41','2026-05-15 16:29:41'),(52,'Brennan Gaylord','thomas48','verda.farrell@example.net','2026-05-15 16:29:41','$2y$12$H5nBCDwkpw6NjF.Db3X0weDFwwrnbwrGkCCs1SV6anG3so1uXV55e',NULL,NULL,NULL,NULL,NULL,NULL,NULL,NULL,NULL,NULL,NULL,NULL,0,'active','fghKKTQD9L','2026-05-15 16:29:41','2026-05-15 16:29:41'),(53,'Ms. Natalia Ryan','daphnee72','skiles.kenny@example.org','2026-05-15 16:29:41','$2y$12$H5nBCDwkpw6NjF.Db3X0weDFwwrnbwrGkCCs1SV6anG3so1uXV55e',NULL,NULL,NULL,NULL,NULL,NULL,NULL,NULL,NULL,NULL,NULL,NULL,0,'active','hi64zmssw4','2026-05-15 16:29:41','2026-05-15 16:29:41'),(54,'Nelle Howell','boyle.mikayla','larson.constance@example.net','2026-05-15 16:29:41','$2y$12$H5nBCDwkpw6NjF.Db3X0weDFwwrnbwrGkCCs1SV6anG3so1uXV55e',NULL,NULL,NULL,NULL,NULL,NULL,NULL,NULL,NULL,NULL,NULL,NULL,0,'active','AtR1MgFDt7','2026-05-15 16:29:41','2026-05-15 16:29:41'),(55,'Kaleigh Labadie','enrique.reilly','jeff.hammes@example.net','2026-05-15 16:29:41','$2y$12$H5nBCDwkpw6NjF.Db3X0weDFwwrnbwrGkCCs1SV6anG3so1uXV55e',NULL,NULL,NULL,NULL,NULL,NULL,NULL,NULL,NULL,NULL,NULL,NULL,0,'active','xsD5MIECW6','2026-05-15 16:29:41','2026-05-15 16:29:41'),(56,'Miss Theodora Hahn PhD','rosetta.gleason','reynolds.aaliyah@example.net','2026-05-15 16:29:41','$2y$12$H5nBCDwkpw6NjF.Db3X0weDFwwrnbwrGkCCs1SV6anG3so1uXV55e',NULL,NULL,NULL,NULL,NULL,NULL,NULL,NULL,NULL,NULL,NULL,NULL,0,'active','NrYNwGvhHm','2026-05-15 16:29:41','2026-05-15 16:29:41'),(57,'Daija Crooks','godfrey62','virginia.howe@example.com','2026-05-15 16:29:41','$2y$12$H5nBCDwkpw6NjF.Db3X0weDFwwrnbwrGkCCs1SV6anG3so1uXV55e',NULL,NULL,NULL,NULL,NULL,NULL,NULL,NULL,NULL,NULL,NULL,NULL,0,'active','BZBUCA2nw2','2026-05-15 16:29:41','2026-05-15 16:29:41'),(58,'Mrs. Luisa Schamberger','schultz.vicente','vella02@example.com','2026-05-15 16:29:41','$2y$12$H5nBCDwkpw6NjF.Db3X0weDFwwrnbwrGkCCs1SV6anG3so1uXV55e',NULL,NULL,NULL,NULL,NULL,NULL,NULL,NULL,NULL,NULL,NULL,NULL,0,'active','LUOeOamFOU','2026-05-15 16:29:41','2026-05-15 16:29:41'),(59,'Dr. Marlon Zemlak','mkling','considine.jett@example.com','2026-05-15 16:29:41','$2y$12$H5nBCDwkpw6NjF.Db3X0weDFwwrnbwrGkCCs1SV6anG3so1uXV55e',NULL,NULL,NULL,NULL,NULL,NULL,NULL,NULL,NULL,NULL,NULL,NULL,0,'active','YtE9akNu3A','2026-05-15 16:29:41','2026-05-15 16:29:41'),(60,'Prof. Berry Roberts','micah.frami','mankunding@example.com','2026-05-15 16:29:41','$2y$12$H5nBCDwkpw6NjF.Db3X0weDFwwrnbwrGkCCs1SV6anG3so1uXV55e',NULL,NULL,NULL,NULL,NULL,NULL,NULL,NULL,NULL,NULL,NULL,NULL,0,'active','BIPQHXLXs3','2026-05-15 16:29:41','2026-05-15 16:29:41'),(61,'Dr. Jerry Lockman DDS','casper.shyanne','antonia.little@example.com','2026-05-15 16:29:41','$2y$12$H5nBCDwkpw6NjF.Db3X0weDFwwrnbwrGkCCs1SV6anG3so1uXV55e',NULL,NULL,NULL,NULL,NULL,NULL,NULL,NULL,NULL,NULL,NULL,NULL,0,'active','11giYvkAka','2026-05-15 16:29:41','2026-05-15 16:29:41'),(62,'Dr. Megane Cole','laron.bruen','clifton.klein@example.com','2026-05-15 16:29:41','$2y$12$H5nBCDwkpw6NjF.Db3X0weDFwwrnbwrGkCCs1SV6anG3so1uXV55e',NULL,NULL,NULL,NULL,NULL,NULL,NULL,NULL,NULL,NULL,NULL,NULL,0,'active','w7rjROQG9O','2026-05-15 16:29:41','2026-05-15 16:29:41'),(63,'Shane Kilback','noemi10','tmertz@example.com','2026-05-15 16:29:41','$2y$12$H5nBCDwkpw6NjF.Db3X0weDFwwrnbwrGkCCs1SV6anG3so1uXV55e',NULL,NULL,NULL,NULL,NULL,NULL,NULL,NULL,NULL,NULL,NULL,NULL,0,'active','nG09uxxpGw','2026-05-15 16:29:41','2026-05-15 16:29:41'),(64,'Percival Pouros','jakubowski.monica','egleason@example.com','2026-05-15 16:29:41','$2y$12$H5nBCDwkpw6NjF.Db3X0weDFwwrnbwrGkCCs1SV6anG3so1uXV55e',NULL,NULL,NULL,NULL,NULL,NULL,NULL,NULL,NULL,NULL,NULL,NULL,0,'active','Fqa3PYS9NF','2026-05-15 16:29:41','2026-05-15 16:29:41'),(65,'Greyson Bruen','alexandra23','schulist.ali@example.com','2026-05-15 16:29:41','$2y$12$H5nBCDwkpw6NjF.Db3X0weDFwwrnbwrGkCCs1SV6anG3so1uXV55e',NULL,NULL,NULL,NULL,NULL,NULL,NULL,NULL,NULL,NULL,NULL,NULL,0,'active','DoawKmvYRo','2026-05-15 16:29:41','2026-05-15 16:29:41'),(66,'Dr. Webster Hackett','kling.quinton','tessie22@example.org','2026-05-15 16:29:41','$2y$12$H5nBCDwkpw6NjF.Db3X0weDFwwrnbwrGkCCs1SV6anG3so1uXV55e',NULL,NULL,NULL,NULL,NULL,NULL,NULL,NULL,NULL,NULL,NULL,NULL,0,'active','ZckMzB307V','2026-05-15 16:29:41','2026-05-15 16:29:41'),(67,'Xzavier Morissette DVM','luettgen.niko','gulgowski.kathryne@example.net','2026-05-15 16:29:41','$2y$12$H5nBCDwkpw6NjF.Db3X0weDFwwrnbwrGkCCs1SV6anG3so1uXV55e',NULL,NULL,NULL,NULL,NULL,NULL,NULL,NULL,NULL,NULL,NULL,NULL,0,'active','ZLu3bS7v4A','2026-05-15 16:29:41','2026-05-15 16:29:41'),(68,'Joan Kunze','delphia.mante','little.elnora@example.com','2026-05-15 16:29:41','$2y$12$H5nBCDwkpw6NjF.Db3X0weDFwwrnbwrGkCCs1SV6anG3so1uXV55e',NULL,NULL,NULL,NULL,NULL,NULL,NULL,NULL,NULL,NULL,NULL,NULL,0,'active','YEiDJdEzLq','2026-05-15 16:29:41','2026-05-15 16:29:41'),(69,'Elna Orn','pbaumbach','lmorar@example.com','2026-05-15 16:29:42','$2y$12$H5nBCDwkpw6NjF.Db3X0weDFwwrnbwrGkCCs1SV6anG3so1uXV55e',NULL,NULL,NULL,NULL,NULL,NULL,NULL,NULL,NULL,NULL,NULL,NULL,0,'active','qv6Bw2Iq8v','2026-05-15 16:29:42','2026-05-15 16:29:42'),(70,'Jennie Torp IV','stehr.sanford','akeem50@example.net','2026-05-15 16:29:42','$2y$12$H5nBCDwkpw6NjF.Db3X0weDFwwrnbwrGkCCs1SV6anG3so1uXV55e',NULL,NULL,NULL,NULL,NULL,NULL,NULL,NULL,NULL,NULL,NULL,NULL,0,'active','qcwQU9HcY4','2026-05-15 16:29:42','2026-05-15 16:29:42'),(71,'Dean Schamberger','leanne02','burnice.lang@example.net','2026-05-15 16:29:42','$2y$12$H5nBCDwkpw6NjF.Db3X0weDFwwrnbwrGkCCs1SV6anG3so1uXV55e',NULL,NULL,NULL,NULL,NULL,NULL,NULL,NULL,NULL,NULL,NULL,NULL,0,'active','d6m153bz3e','2026-05-15 16:29:42','2026-05-15 16:29:42'),(72,'Randal Herman','moen.jadyn','wkling@example.org','2026-05-15 16:29:42','$2y$12$H5nBCDwkpw6NjF.Db3X0weDFwwrnbwrGkCCs1SV6anG3so1uXV55e',NULL,NULL,NULL,NULL,NULL,NULL,NULL,NULL,NULL,NULL,NULL,NULL,0,'active','KPZQj0vvWC','2026-05-15 16:29:42','2026-05-15 16:29:42'),(73,'Stacy Metz','zking','garry.becker@example.net','2026-05-15 16:29:42','$2y$12$H5nBCDwkpw6NjF.Db3X0weDFwwrnbwrGkCCs1SV6anG3so1uXV55e',NULL,NULL,NULL,NULL,NULL,NULL,NULL,NULL,NULL,NULL,NULL,NULL,0,'active','HLdxZDRUD0','2026-05-15 16:29:42','2026-05-15 16:29:42'),(74,'Elody Harvey','golda.hansen','zaria.funk@example.com','2026-05-15 16:29:42','$2y$12$H5nBCDwkpw6NjF.Db3X0weDFwwrnbwrGkCCs1SV6anG3so1uXV55e',NULL,NULL,NULL,NULL,NULL,NULL,NULL,NULL,NULL,NULL,NULL,NULL,0,'active','5gjqbHJubQ','2026-05-15 16:29:42','2026-05-15 16:29:42'),(75,'Edna Mertz IV','mohamed79','dbatz@example.net','2026-05-15 16:29:42','$2y$12$H5nBCDwkpw6NjF.Db3X0weDFwwrnbwrGkCCs1SV6anG3so1uXV55e',NULL,NULL,NULL,NULL,NULL,NULL,NULL,NULL,NULL,NULL,NULL,NULL,0,'active','Ugzd1YrsnU','2026-05-15 16:29:42','2026-05-15 16:29:42'),(76,'Malcolm Marks','ireynolds','bulah.grant@example.org','2026-05-15 16:29:42','$2y$12$H5nBCDwkpw6NjF.Db3X0weDFwwrnbwrGkCCs1SV6anG3so1uXV55e',NULL,NULL,NULL,NULL,NULL,NULL,NULL,NULL,NULL,NULL,NULL,NULL,0,'active','5oWM9QwaWC','2026-05-15 16:29:42','2026-05-15 16:29:42'),(77,'Harrison Koepp','lessie93','camylle.yost@example.com','2026-05-15 16:29:42','$2y$12$H5nBCDwkpw6NjF.Db3X0weDFwwrnbwrGkCCs1SV6anG3so1uXV55e',NULL,NULL,NULL,NULL,NULL,NULL,NULL,NULL,NULL,NULL,NULL,NULL,0,'active','OBQhIEQQQO','2026-05-15 16:29:42','2026-05-15 16:29:42'),(78,'Mr. Donavon Mueller PhD','dibbert.reece','bosco.austyn@example.com','2026-05-15 16:29:42','$2y$12$H5nBCDwkpw6NjF.Db3X0weDFwwrnbwrGkCCs1SV6anG3so1uXV55e',NULL,NULL,NULL,NULL,NULL,NULL,NULL,NULL,NULL,NULL,NULL,NULL,0,'active','lvMdKQYPGW','2026-05-15 16:29:42','2026-05-15 16:29:42'),(79,'Aniya Tillman','nhegmann','rschultz@example.org','2026-05-15 16:29:42','$2y$12$H5nBCDwkpw6NjF.Db3X0weDFwwrnbwrGkCCs1SV6anG3so1uXV55e',NULL,NULL,NULL,NULL,NULL,NULL,NULL,NULL,NULL,NULL,NULL,NULL,0,'active','gJhjmaCKfO','2026-05-15 16:29:42','2026-05-15 16:29:42'),(80,'Ludie Kuhic','heath.nitzsche','myrtice73@example.com','2026-05-15 16:29:42','$2y$12$H5nBCDwkpw6NjF.Db3X0weDFwwrnbwrGkCCs1SV6anG3so1uXV55e',NULL,NULL,NULL,NULL,NULL,NULL,NULL,NULL,NULL,NULL,NULL,NULL,0,'active','vvsoHY77hG','2026-05-15 16:29:42','2026-05-15 16:29:42'),(81,'Richie Parker','orn.kris','liliana.bosco@example.org','2026-05-15 16:29:42','$2y$12$H5nBCDwkpw6NjF.Db3X0weDFwwrnbwrGkCCs1SV6anG3so1uXV55e',NULL,NULL,NULL,NULL,NULL,NULL,NULL,NULL,NULL,NULL,NULL,NULL,0,'active','GjXkd8rfhO','2026-05-15 16:29:42','2026-05-15 16:29:42'),(82,'Hester Smith','langosh.milo','cody.schaden@example.org','2026-05-15 16:29:42','$2y$12$H5nBCDwkpw6NjF.Db3X0weDFwwrnbwrGkCCs1SV6anG3so1uXV55e',NULL,NULL,NULL,NULL,NULL,NULL,NULL,NULL,NULL,NULL,NULL,NULL,0,'active','a91c8xbO43','2026-05-15 16:29:42','2026-05-15 16:29:42'),(83,'Jacinthe Wiegand','plarkin','trantow.edwardo@example.net','2026-05-15 16:29:42','$2y$12$H5nBCDwkpw6NjF.Db3X0weDFwwrnbwrGkCCs1SV6anG3so1uXV55e',NULL,NULL,NULL,NULL,NULL,NULL,NULL,NULL,NULL,NULL,NULL,NULL,0,'active','UMmDKBWPF4','2026-05-15 16:29:42','2026-05-15 16:29:42'),(84,'Prof. Andres Moore IV','abdullah.casper','oswald.roob@example.net','2026-05-15 16:29:42','$2y$12$H5nBCDwkpw6NjF.Db3X0weDFwwrnbwrGkCCs1SV6anG3so1uXV55e',NULL,NULL,NULL,NULL,NULL,NULL,NULL,NULL,NULL,NULL,NULL,NULL,0,'active','YUgxzzT1xn','2026-05-15 16:29:42','2026-05-15 16:29:42'),(85,'Norma Toy III','yundt.name','haag.stefan@example.net','2026-05-15 16:29:42','$2y$12$H5nBCDwkpw6NjF.Db3X0weDFwwrnbwrGkCCs1SV6anG3so1uXV55e',NULL,NULL,NULL,NULL,NULL,NULL,NULL,NULL,NULL,NULL,NULL,NULL,0,'active','2H31VAt2FA','2026-05-15 16:29:42','2026-05-15 16:29:42'),(86,'Alene Johnson','vlemke','delia32@example.com','2026-05-15 16:29:42','$2y$12$H5nBCDwkpw6NjF.Db3X0weDFwwrnbwrGkCCs1SV6anG3so1uXV55e',NULL,NULL,NULL,NULL,NULL,NULL,NULL,NULL,NULL,NULL,NULL,NULL,0,'active','7CfnvDcIQV','2026-05-15 16:29:42','2026-05-15 16:29:42'),(87,'Delphia Waters','oshanahan','pouros.edd@example.com','2026-05-15 16:29:42','$2y$12$H5nBCDwkpw6NjF.Db3X0weDFwwrnbwrGkCCs1SV6anG3so1uXV55e',NULL,NULL,NULL,NULL,NULL,NULL,NULL,NULL,NULL,NULL,NULL,NULL,0,'active','Lu42pkfUnJ','2026-05-15 16:29:42','2026-05-15 16:29:42'),(88,'Mrs. Bridgette Osinski DDS','goodwin.easton','elmira.shanahan@example.com','2026-05-15 16:29:42','$2y$12$H5nBCDwkpw6NjF.Db3X0weDFwwrnbwrGkCCs1SV6anG3so1uXV55e',NULL,NULL,NULL,NULL,NULL,NULL,NULL,NULL,NULL,NULL,NULL,NULL,0,'active','6R9uKWOkZq','2026-05-15 16:29:42','2026-05-15 16:29:42'),(89,'Christian Reichel','muller.hadley','christy.wunsch@example.com','2026-05-15 16:29:42','$2y$12$H5nBCDwkpw6NjF.Db3X0weDFwwrnbwrGkCCs1SV6anG3so1uXV55e',NULL,NULL,NULL,NULL,NULL,NULL,NULL,NULL,NULL,NULL,NULL,NULL,0,'active','GUrHKyEUKV','2026-05-15 16:29:42','2026-05-15 16:29:42'),(90,'Felix Frami','acrooks','daisha92@example.net','2026-05-15 16:29:42','$2y$12$H5nBCDwkpw6NjF.Db3X0weDFwwrnbwrGkCCs1SV6anG3so1uXV55e',NULL,NULL,NULL,NULL,NULL,NULL,NULL,NULL,NULL,NULL,NULL,NULL,0,'active','tnqhReHucd','2026-05-15 16:29:42','2026-05-15 16:29:42'),(91,'Tyrel Parker','karen.rohan','bjones@example.com','2026-05-15 16:29:42','$2y$12$H5nBCDwkpw6NjF.Db3X0weDFwwrnbwrGkCCs1SV6anG3so1uXV55e',NULL,NULL,NULL,NULL,NULL,NULL,NULL,NULL,NULL,NULL,NULL,NULL,0,'active','vTnPENU1dw','2026-05-15 16:29:42','2026-05-15 16:29:42'),(92,'Santina Ortiz','francisca.lockman','dblanda@example.net','2026-05-15 16:29:42','$2y$12$H5nBCDwkpw6NjF.Db3X0weDFwwrnbwrGkCCs1SV6anG3so1uXV55e',NULL,NULL,NULL,NULL,NULL,NULL,NULL,NULL,NULL,NULL,NULL,NULL,0,'active','dBO6SpmbbF','2026-05-15 16:29:42','2026-05-15 16:29:42'),(93,'Mr. Russel Reilly Sr.','cordell92','luettgen.floy@example.net','2026-05-15 16:29:42','$2y$12$H5nBCDwkpw6NjF.Db3X0weDFwwrnbwrGkCCs1SV6anG3so1uXV55e',NULL,NULL,NULL,NULL,NULL,NULL,NULL,NULL,NULL,NULL,NULL,NULL,0,'active','LkKKVEqQ7H','2026-05-15 16:29:42','2026-05-15 16:29:42'),(94,'Nicklaus Ebert MD','nienow.jennie','rau.mary@example.net','2026-05-15 16:29:42','$2y$12$H5nBCDwkpw6NjF.Db3X0weDFwwrnbwrGkCCs1SV6anG3so1uXV55e',NULL,NULL,NULL,NULL,NULL,NULL,NULL,NULL,NULL,NULL,NULL,NULL,0,'active','FhUU49XBDi','2026-05-15 16:29:42','2026-05-15 16:29:42'),(95,'Dr. Rahsaan Wiegand','euna.dickens','lexie.carter@example.com','2026-05-15 16:29:42','$2y$12$H5nBCDwkpw6NjF.Db3X0weDFwwrnbwrGkCCs1SV6anG3so1uXV55e',NULL,NULL,NULL,NULL,NULL,NULL,NULL,NULL,NULL,NULL,NULL,NULL,0,'active','0Dcp2xNt64','2026-05-15 16:29:42','2026-05-15 16:29:42'),(96,'Yvonne Runolfsdottir','athena.mcdermott','bartoletti.zack@example.org','2026-05-15 16:29:42','$2y$12$H5nBCDwkpw6NjF.Db3X0weDFwwrnbwrGkCCs1SV6anG3so1uXV55e',NULL,NULL,NULL,NULL,NULL,NULL,NULL,NULL,NULL,NULL,NULL,NULL,0,'active','BYQdisIDPo','2026-05-15 16:29:42','2026-05-15 16:29:42'),(97,'Turner Tremblay','nico44','tbatz@example.org','2026-05-15 16:29:42','$2y$12$H5nBCDwkpw6NjF.Db3X0weDFwwrnbwrGkCCs1SV6anG3so1uXV55e',NULL,NULL,NULL,NULL,NULL,NULL,NULL,NULL,NULL,NULL,NULL,NULL,0,'active','b7nC2ux2sg','2026-05-15 16:29:42','2026-05-15 16:29:42'),(98,'Miss Karen Hegmann','qhermann','kirlin.edgar@example.com','2026-05-15 16:29:42','$2y$12$H5nBCDwkpw6NjF.Db3X0weDFwwrnbwrGkCCs1SV6anG3so1uXV55e',NULL,NULL,NULL,NULL,NULL,NULL,NULL,NULL,NULL,NULL,NULL,NULL,0,'active','m0ojXP8HFF','2026-05-15 16:29:42','2026-05-15 16:29:42'),(99,'Brandyn Buckridge','xjakubowski','geo.douglas@example.com','2026-05-15 16:29:43','$2y$12$H5nBCDwkpw6NjF.Db3X0weDFwwrnbwrGkCCs1SV6anG3so1uXV55e',NULL,NULL,NULL,NULL,NULL,NULL,NULL,NULL,NULL,NULL,NULL,NULL,0,'active','nwKKNBMnGj','2026-05-15 16:29:43','2026-05-15 16:29:43'),(100,'Cassandre Dibbert','schuppe.ressie','zack.monahan@example.com','2026-05-15 16:29:43','$2y$12$H5nBCDwkpw6NjF.Db3X0weDFwwrnbwrGkCCs1SV6anG3so1uXV55e',NULL,NULL,NULL,NULL,NULL,NULL,NULL,NULL,NULL,NULL,NULL,NULL,0,'active','hQBSCFCTgX','2026-05-15 16:29:43','2026-05-15 16:29:43'),(101,'Joaquin Klocko','trey69','myah22@example.com','2026-05-15 16:29:43','$2y$12$H5nBCDwkpw6NjF.Db3X0weDFwwrnbwrGkCCs1SV6anG3so1uXV55e',NULL,NULL,NULL,NULL,NULL,NULL,NULL,NULL,NULL,NULL,NULL,NULL,0,'active','15zUxZkAIr','2026-05-15 16:29:43','2026-05-15 16:29:43'),(102,'Candido Oberbrunner','dgutmann','raquel56@example.org','2026-05-15 16:29:43','$2y$12$H5nBCDwkpw6NjF.Db3X0weDFwwrnbwrGkCCs1SV6anG3so1uXV55e',NULL,NULL,NULL,NULL,NULL,NULL,NULL,NULL,NULL,NULL,NULL,NULL,0,'active','ZOYhZEdR1D','2026-05-15 16:29:43','2026-05-15 16:29:43'),(103,'Miss Reba Paucek','egottlieb','rohan.nolan@example.net','2026-05-15 16:29:43','$2y$12$H5nBCDwkpw6NjF.Db3X0weDFwwrnbwrGkCCs1SV6anG3so1uXV55e',NULL,NULL,NULL,NULL,NULL,NULL,NULL,NULL,NULL,NULL,NULL,NULL,0,'active','B4OUdC1TVs','2026-05-15 16:29:43','2026-05-15 16:29:43'),(104,'Mr. Emmett Bernier','paucek.leonor','kdenesik@example.com','2026-05-15 16:29:43','$2y$12$H5nBCDwkpw6NjF.Db3X0weDFwwrnbwrGkCCs1SV6anG3so1uXV55e',NULL,NULL,NULL,NULL,NULL,NULL,NULL,NULL,NULL,NULL,NULL,NULL,0,'active','GxprBFPciv','2026-05-15 16:29:43','2026-05-15 16:29:43'),(105,'Dr. Gideon VonRueden III','marguerite.kassulke','eaufderhar@example.com','2026-05-15 16:29:43','$2y$12$H5nBCDwkpw6NjF.Db3X0weDFwwrnbwrGkCCs1SV6anG3so1uXV55e',NULL,NULL,NULL,NULL,NULL,NULL,NULL,NULL,NULL,NULL,NULL,NULL,0,'active','GLc710m6uI','2026-05-15 16:29:43','2026-05-15 16:29:43'),(106,'Orie Reichert','mboehm','dortiz@example.org','2026-05-15 16:29:43','$2y$12$H5nBCDwkpw6NjF.Db3X0weDFwwrnbwrGkCCs1SV6anG3so1uXV55e',NULL,NULL,NULL,NULL,NULL,NULL,NULL,NULL,NULL,NULL,NULL,NULL,0,'active','lfjfEfhJA1','2026-05-15 16:29:43','2026-05-15 16:29:43'),(107,'Isobel Lindgren','rhermiston','bartell.lura@example.net','2026-05-15 16:29:43','$2y$12$H5nBCDwkpw6NjF.Db3X0weDFwwrnbwrGkCCs1SV6anG3so1uXV55e',NULL,NULL,NULL,NULL,NULL,NULL,NULL,NULL,NULL,NULL,NULL,NULL,0,'active','kdVElhbHcc','2026-05-15 16:29:43','2026-05-15 16:29:43'),(108,'Prof. Shane O\'Connell','andy.krajcik','kylee91@example.net','2026-05-15 16:29:43','$2y$12$H5nBCDwkpw6NjF.Db3X0weDFwwrnbwrGkCCs1SV6anG3so1uXV55e',NULL,NULL,NULL,NULL,NULL,NULL,NULL,NULL,NULL,NULL,NULL,NULL,0,'active','nJZj9ZIKtE','2026-05-15 16:29:43','2026-05-15 16:29:43'),(109,'Schuyler Schowalter','joan.padberg','lorenz.jenkins@example.com','2026-05-15 16:29:43','$2y$12$H5nBCDwkpw6NjF.Db3X0weDFwwrnbwrGkCCs1SV6anG3so1uXV55e',NULL,NULL,NULL,NULL,NULL,NULL,NULL,NULL,NULL,NULL,NULL,NULL,0,'active','Yljvc19Ttm','2026-05-15 16:29:43','2026-05-15 16:29:43'),(110,'Dakota Fisher','schamberger.julio','hyatt.alaina@example.com','2026-05-15 16:29:43','$2y$12$H5nBCDwkpw6NjF.Db3X0weDFwwrnbwrGkCCs1SV6anG3so1uXV55e',NULL,NULL,NULL,NULL,NULL,NULL,NULL,NULL,NULL,NULL,NULL,NULL,0,'active','AhbNxQxPi0','2026-05-15 16:29:43','2026-05-15 16:29:43'),(111,'Dr. Bertha Wyman','qrolfson','ukuphal@example.com','2026-05-15 16:29:43','$2y$12$H5nBCDwkpw6NjF.Db3X0weDFwwrnbwrGkCCs1SV6anG3so1uXV55e',NULL,NULL,NULL,NULL,NULL,NULL,NULL,NULL,NULL,NULL,NULL,NULL,0,'active','luuzNBoxyi','2026-05-15 16:29:43','2026-05-15 16:29:43'),(112,'Mrs. Larissa Stanton IV','sarah.krajcik','julia.hintz@example.com','2026-05-15 16:29:43','$2y$12$H5nBCDwkpw6NjF.Db3X0weDFwwrnbwrGkCCs1SV6anG3so1uXV55e',NULL,NULL,NULL,NULL,NULL,NULL,NULL,NULL,NULL,NULL,NULL,NULL,0,'active','wnKCpk6JWO','2026-05-15 16:29:43','2026-05-15 16:29:43'),(113,'Ms. Jacinthe Jacobson III','rodger.altenwerth','barton.jalen@example.org','2026-05-15 16:29:43','$2y$12$H5nBCDwkpw6NjF.Db3X0weDFwwrnbwrGkCCs1SV6anG3so1uXV55e',NULL,NULL,NULL,NULL,NULL,NULL,NULL,NULL,NULL,NULL,NULL,NULL,0,'active','Dq69x11krb','2026-05-15 16:29:43','2026-05-15 16:29:43'),(114,'Rowland Weber','lhilpert','kaleb.reinger@example.net','2026-05-15 16:29:43','$2y$12$H5nBCDwkpw6NjF.Db3X0weDFwwrnbwrGkCCs1SV6anG3so1uXV55e',NULL,NULL,NULL,NULL,NULL,NULL,NULL,NULL,NULL,NULL,NULL,NULL,0,'active','JjZsRu9fmP','2026-05-15 16:29:43','2026-05-15 16:29:43'),(115,'Ms. Santina Kautzer DDS','ojakubowski','juliana.trantow@example.org','2026-05-15 16:29:43','$2y$12$H5nBCDwkpw6NjF.Db3X0weDFwwrnbwrGkCCs1SV6anG3so1uXV55e',NULL,NULL,NULL,NULL,NULL,NULL,NULL,NULL,NULL,NULL,NULL,NULL,0,'active','ZDTDVrEHso','2026-05-15 16:29:43','2026-05-15 16:29:43'),(116,'Dr. Ashlee Gislason','ubartoletti','ksauer@example.org','2026-05-15 16:29:43','$2y$12$H5nBCDwkpw6NjF.Db3X0weDFwwrnbwrGkCCs1SV6anG3so1uXV55e',NULL,NULL,NULL,NULL,NULL,NULL,NULL,NULL,NULL,NULL,NULL,NULL,0,'active','EwgzXxloZB','2026-05-15 16:29:43','2026-05-15 16:29:43'),(117,'Kiarra Eichmann','erik.yost','edamore@example.org','2026-05-15 16:29:43','$2y$12$H5nBCDwkpw6NjF.Db3X0weDFwwrnbwrGkCCs1SV6anG3so1uXV55e',NULL,NULL,NULL,NULL,NULL,NULL,NULL,NULL,NULL,NULL,NULL,NULL,0,'active','WsHVmVRrrs','2026-05-15 16:29:43','2026-05-15 16:29:43'),(118,'Dr. Arvid Spinka IV','abdul.ward','treva35@example.org','2026-05-15 16:29:43','$2y$12$H5nBCDwkpw6NjF.Db3X0weDFwwrnbwrGkCCs1SV6anG3so1uXV55e',NULL,NULL,NULL,NULL,NULL,NULL,NULL,NULL,NULL,NULL,NULL,NULL,0,'active','fEHENDLx0h','2026-05-15 16:29:43','2026-05-15 16:29:43'),(119,'Karl Nienow','cassin.bernice','sydnie.auer@example.net','2026-05-15 16:29:43','$2y$12$H5nBCDwkpw6NjF.Db3X0weDFwwrnbwrGkCCs1SV6anG3so1uXV55e',NULL,NULL,NULL,NULL,NULL,NULL,NULL,NULL,NULL,NULL,NULL,NULL,0,'active','pY928HQsVX','2026-05-15 16:29:43','2026-05-15 16:29:43'),(120,'Max Weimann','xluettgen','fay.hyatt@example.com','2026-05-15 16:29:43','$2y$12$H5nBCDwkpw6NjF.Db3X0weDFwwrnbwrGkCCs1SV6anG3so1uXV55e',NULL,NULL,NULL,NULL,NULL,NULL,NULL,NULL,NULL,NULL,NULL,NULL,0,'active','Wqu66xdZ42','2026-05-15 16:29:43','2026-05-15 16:29:43'),(121,'Bonnie Hahn I','schimmel.ladarius','frami.owen@example.net','2026-05-15 16:29:43','$2y$12$H5nBCDwkpw6NjF.Db3X0weDFwwrnbwrGkCCs1SV6anG3so1uXV55e',NULL,NULL,NULL,NULL,NULL,NULL,NULL,NULL,NULL,NULL,NULL,NULL,0,'active','cff3loorcU','2026-05-15 16:29:43','2026-05-15 16:29:43'),(122,'Gregorio Jacobson','norma51','emelia.pfannerstill@example.org','2026-05-15 16:29:43','$2y$12$H5nBCDwkpw6NjF.Db3X0weDFwwrnbwrGkCCs1SV6anG3so1uXV55e',NULL,NULL,NULL,NULL,NULL,NULL,NULL,NULL,NULL,NULL,NULL,NULL,0,'active','Zhtsen5tKI','2026-05-15 16:29:43','2026-05-15 16:29:43'),(123,'Bobbie Upton','parker.mohammad','ashly.roob@example.org','2026-05-15 16:29:43','$2y$12$H5nBCDwkpw6NjF.Db3X0weDFwwrnbwrGkCCs1SV6anG3so1uXV55e',NULL,NULL,NULL,NULL,NULL,NULL,NULL,NULL,NULL,NULL,NULL,NULL,0,'active','nUX3NDS81T','2026-05-15 16:29:43','2026-05-15 16:29:43'),(124,'Prof. Ted Hessel','isabella59','bturner@example.com','2026-05-15 16:29:43','$2y$12$H5nBCDwkpw6NjF.Db3X0weDFwwrnbwrGkCCs1SV6anG3so1uXV55e',NULL,NULL,NULL,NULL,NULL,NULL,NULL,NULL,NULL,NULL,NULL,NULL,0,'active','lN9tWXFAkS','2026-05-15 16:29:43','2026-05-15 16:29:43'),(125,'Jonathan Dietrich','uvolkman','jaron78@example.net','2026-05-15 16:29:43','$2y$12$H5nBCDwkpw6NjF.Db3X0weDFwwrnbwrGkCCs1SV6anG3so1uXV55e',NULL,NULL,NULL,NULL,NULL,NULL,NULL,NULL,NULL,NULL,NULL,NULL,0,'active','tKjRp5rmhI','2026-05-15 16:29:43','2026-05-15 16:29:43'),(126,'Ethan Torp','jlittel','mrunte@example.com','2026-05-15 16:29:43','$2y$12$H5nBCDwkpw6NjF.Db3X0weDFwwrnbwrGkCCs1SV6anG3so1uXV55e',NULL,NULL,NULL,NULL,NULL,NULL,NULL,NULL,NULL,NULL,NULL,NULL,0,'active','EoBMuOxBCs','2026-05-15 16:29:43','2026-05-15 16:29:43'),(127,'Grant Weimann I','kirlin.clement','reyes.adams@example.com','2026-05-15 16:29:43','$2y$12$H5nBCDwkpw6NjF.Db3X0weDFwwrnbwrGkCCs1SV6anG3so1uXV55e',NULL,NULL,NULL,NULL,NULL,NULL,NULL,NULL,NULL,NULL,NULL,NULL,0,'active','tWjHvweRIx','2026-05-15 16:29:43','2026-05-15 16:29:43'),(128,'Bethel Howell DDS','wschneider','stephen.schultz@example.org','2026-05-15 16:29:43','$2y$12$H5nBCDwkpw6NjF.Db3X0weDFwwrnbwrGkCCs1SV6anG3so1uXV55e',NULL,NULL,NULL,NULL,NULL,NULL,NULL,NULL,NULL,NULL,NULL,NULL,0,'active','WxA8GYtS6K','2026-05-15 16:29:43','2026-05-15 16:29:43'),(129,'Gene Sauer','daugherty.amalia','dickinson.brigitte@example.org','2026-05-15 16:29:43','$2y$12$H5nBCDwkpw6NjF.Db3X0weDFwwrnbwrGkCCs1SV6anG3so1uXV55e',NULL,NULL,NULL,NULL,NULL,NULL,NULL,NULL,NULL,NULL,NULL,NULL,0,'active','HG99jMOx16','2026-05-15 16:29:43','2026-05-15 16:29:43'),(130,'Ms. Cheyenne Rippin','murazik.dora','eleanora68@example.org','2026-05-15 16:29:43','$2y$12$H5nBCDwkpw6NjF.Db3X0weDFwwrnbwrGkCCs1SV6anG3so1uXV55e',NULL,NULL,NULL,NULL,NULL,NULL,NULL,NULL,NULL,NULL,NULL,NULL,0,'active','hLYRL1h1Wq','2026-05-15 16:29:43','2026-05-15 16:29:43'),(131,'Dorothy Romaguera','jgerlach','kautzer.leatha@example.net','2026-05-15 16:29:43','$2y$12$H5nBCDwkpw6NjF.Db3X0weDFwwrnbwrGkCCs1SV6anG3so1uXV55e',NULL,NULL,NULL,NULL,NULL,NULL,NULL,NULL,NULL,NULL,NULL,NULL,0,'active','HgjG1g26jA','2026-05-15 16:29:43','2026-05-15 16:29:43'),(132,'Prof. Izabella Krajcik','brent.welch','streich.vena@example.org','2026-05-15 16:29:43','$2y$12$H5nBCDwkpw6NjF.Db3X0weDFwwrnbwrGkCCs1SV6anG3so1uXV55e',NULL,NULL,NULL,NULL,NULL,NULL,NULL,NULL,NULL,NULL,NULL,NULL,0,'active','L3r4jnM7Zu','2026-05-15 16:29:43','2026-05-15 16:29:43'),(133,'Cassie Quitzon','treutel.keyon','yswift@example.net','2026-05-15 16:29:43','$2y$12$H5nBCDwkpw6NjF.Db3X0weDFwwrnbwrGkCCs1SV6anG3so1uXV55e',NULL,NULL,NULL,NULL,NULL,NULL,NULL,NULL,NULL,NULL,NULL,NULL,0,'active','YOKbeJu4Dc','2026-05-15 16:29:43','2026-05-15 16:29:43'),(134,'Susanna Paucek','hackett.lila','hudson.alia@example.net','2026-05-15 16:29:43','$2y$12$H5nBCDwkpw6NjF.Db3X0weDFwwrnbwrGkCCs1SV6anG3so1uXV55e',NULL,NULL,NULL,NULL,NULL,NULL,NULL,NULL,NULL,NULL,NULL,NULL,0,'active','hFxxE75ELO','2026-05-15 16:29:43','2026-05-15 16:29:43'),(135,'Bridgette Pagac III','edach','fdaugherty@example.org','2026-05-15 16:29:43','$2y$12$H5nBCDwkpw6NjF.Db3X0weDFwwrnbwrGkCCs1SV6anG3so1uXV55e',NULL,NULL,NULL,NULL,NULL,NULL,NULL,NULL,NULL,NULL,NULL,NULL,0,'active','Zwr2Qi7Tk7','2026-05-15 16:29:43','2026-05-15 16:29:43'),(136,'Rene Heidenreich','melvin36','gabe78@example.net','2026-05-15 16:29:43','$2y$12$H5nBCDwkpw6NjF.Db3X0weDFwwrnbwrGkCCs1SV6anG3so1uXV55e',NULL,NULL,NULL,NULL,NULL,NULL,NULL,NULL,NULL,NULL,NULL,NULL,0,'active','nJMZgb6gNy','2026-05-15 16:29:43','2026-05-15 16:29:43'),(137,'Prof. Johnathan Yundt MD','karianne.welch','lherzog@example.net','2026-05-15 16:29:43','$2y$12$H5nBCDwkpw6NjF.Db3X0weDFwwrnbwrGkCCs1SV6anG3so1uXV55e',NULL,NULL,NULL,NULL,NULL,NULL,NULL,NULL,NULL,NULL,NULL,NULL,0,'active','v71Jo5sQep','2026-05-15 16:29:43','2026-05-15 16:29:43'),(138,'Nathen Rau','tgleichner','cindy.raynor@example.org','2026-05-15 16:29:43','$2y$12$H5nBCDwkpw6NjF.Db3X0weDFwwrnbwrGkCCs1SV6anG3so1uXV55e',NULL,NULL,NULL,NULL,NULL,NULL,NULL,NULL,NULL,NULL,NULL,NULL,0,'active','meqKGrrbbe','2026-05-15 16:29:43','2026-05-15 16:29:43'),(139,'Erika Bartoletti I','gboyle','kbeatty@example.org','2026-05-15 16:29:43','$2y$12$H5nBCDwkpw6NjF.Db3X0weDFwwrnbwrGkCCs1SV6anG3so1uXV55e',NULL,NULL,NULL,NULL,NULL,NULL,NULL,NULL,NULL,NULL,NULL,NULL,0,'active','vllgf8yB8q','2026-05-15 16:29:43','2026-05-15 16:29:43'),(140,'Mrs. Abbey Abshire II','marcelino80','marjorie.vonrueden@example.com','2026-05-15 16:29:43','$2y$12$H5nBCDwkpw6NjF.Db3X0weDFwwrnbwrGkCCs1SV6anG3so1uXV55e',NULL,NULL,NULL,NULL,NULL,NULL,NULL,NULL,NULL,NULL,NULL,NULL,0,'active','AB4ZFF35dv','2026-05-15 16:29:43','2026-05-15 16:29:43'),(141,'Mr. Pietro Wolf','uheidenreich','ondricka.celia@example.org','2026-05-15 16:29:43','$2y$12$H5nBCDwkpw6NjF.Db3X0weDFwwrnbwrGkCCs1SV6anG3so1uXV55e',NULL,NULL,NULL,NULL,NULL,NULL,NULL,NULL,NULL,NULL,NULL,NULL,0,'active','9TIAIvyziT','2026-05-15 16:29:43','2026-05-15 16:29:43'),(142,'Moshe Predovic','ugutmann','terry.shad@example.com','2026-05-15 16:29:43','$2y$12$H5nBCDwkpw6NjF.Db3X0weDFwwrnbwrGkCCs1SV6anG3so1uXV55e',NULL,NULL,NULL,NULL,NULL,NULL,NULL,NULL,NULL,NULL,NULL,NULL,0,'active','OO55wkUcN3','2026-05-15 16:29:43','2026-05-15 16:29:43'),(143,'Ms. Reva Barrows V','turner.kylie','martina17@example.org','2026-05-15 16:29:43','$2y$12$H5nBCDwkpw6NjF.Db3X0weDFwwrnbwrGkCCs1SV6anG3so1uXV55e',NULL,NULL,NULL,NULL,NULL,NULL,NULL,NULL,NULL,NULL,NULL,NULL,0,'active','Fvu5Ui69A7','2026-05-15 16:29:44','2026-05-15 16:29:44'),(144,'Dr. Waldo Heaney','keara.turner','darion07@example.com','2026-05-15 16:29:44','$2y$12$H5nBCDwkpw6NjF.Db3X0weDFwwrnbwrGkCCs1SV6anG3so1uXV55e',NULL,NULL,NULL,NULL,NULL,NULL,NULL,NULL,NULL,NULL,NULL,NULL,0,'active','akFbmJAUn8','2026-05-15 16:29:44','2026-05-15 16:29:44'),(145,'Reagan Erdman','xhammes','abigayle05@example.org','2026-05-15 16:29:44','$2y$12$H5nBCDwkpw6NjF.Db3X0weDFwwrnbwrGkCCs1SV6anG3so1uXV55e',NULL,NULL,NULL,NULL,NULL,NULL,NULL,NULL,NULL,NULL,NULL,NULL,0,'active','v35xDzneV1','2026-05-15 16:29:44','2026-05-15 16:29:44'),(146,'Antoinette Hahn','weber.rocky','nkihn@example.com','2026-05-15 16:29:44','$2y$12$H5nBCDwkpw6NjF.Db3X0weDFwwrnbwrGkCCs1SV6anG3so1uXV55e',NULL,NULL,NULL,NULL,NULL,NULL,NULL,NULL,NULL,NULL,NULL,NULL,0,'active','ktCozQxzuw','2026-05-15 16:29:44','2026-05-15 16:29:44'),(147,'Betsy Ullrich Jr.','nedra.huels','gutkowski.kenyon@example.org','2026-05-15 16:29:44','$2y$12$H5nBCDwkpw6NjF.Db3X0weDFwwrnbwrGkCCs1SV6anG3so1uXV55e',NULL,NULL,NULL,NULL,NULL,NULL,NULL,NULL,NULL,NULL,NULL,NULL,0,'active','ud3DHYIPjm','2026-05-15 16:29:44','2026-05-15 16:29:44'),(148,'Dr. Nels Walsh','pfannerstill.carlee','barry.ryan@example.com','2026-05-15 16:29:44','$2y$12$H5nBCDwkpw6NjF.Db3X0weDFwwrnbwrGkCCs1SV6anG3so1uXV55e',NULL,NULL,NULL,NULL,NULL,NULL,NULL,NULL,NULL,NULL,NULL,NULL,0,'active','ccnEQUvafO','2026-05-15 16:29:44','2026-05-15 16:29:44'),(149,'John Journalist','johnj','journalist@newsflow.com',NULL,'$2y$12$xWIeYLBBEJmSXXJh/FnJgeNxJaqZFYOZIQGE5RCDL.x7iVf9qTV3u',NULL,NULL,NULL,NULL,NULL,NULL,NULL,NULL,NULL,NULL,NULL,NULL,0,'active',NULL,'2026-05-16 03:26:02','2026-05-16 03:26:02'),(151,'Saurav Sarkar','0001','sauraavsarkar@gmail.com',NULL,'$2y$12$NaYBAcRrb8e4o03AUdZNNO1TkNGM3x4Ga58hDvpmCFIosXJzewkZu',NULL,NULL,NULL,NULL,NULL,NULL,NULL,NULL,NULL,NULL,NULL,NULL,0,'active',NULL,'2026-05-16 05:37:08','2026-05-16 05:37:08'),(152,'Ovi Raj','ovi.raj','ovi.raj54@gmail.com',NULL,'$2y$12$pF0ug4O6Lm4vf7uxkd0cNuaODy1X0qVgwa/s7ZdOkcQEcaUSo8ala',NULL,NULL,NULL,NULL,NULL,NULL,NULL,NULL,NULL,NULL,NULL,NULL,0,'active',NULL,'2026-05-16 06:06:01','2026-05-16 06:06:01');
/*!40000 ALTER TABLE `users` ENABLE KEYS */;
UNLOCK TABLES;
/*!40103 SET TIME_ZONE=@OLD_TIME_ZONE */;

/*!40101 SET SQL_MODE=@OLD_SQL_MODE */;
/*!40014 SET FOREIGN_KEY_CHECKS=@OLD_FOREIGN_KEY_CHECKS */;
/*!40014 SET UNIQUE_CHECKS=@OLD_UNIQUE_CHECKS */;
/*!40101 SET CHARACTER_SET_CLIENT=@OLD_CHARACTER_SET_CLIENT */;
/*!40101 SET CHARACTER_SET_RESULTS=@OLD_CHARACTER_SET_RESULTS */;
/*!40101 SET COLLATION_CONNECTION=@OLD_COLLATION_CONNECTION */;
/*!40111 SET SQL_NOTES=@OLD_SQL_NOTES */;

-- Dump completed on 2026-05-17  0:54:14
